observation.state,action,timestamp,frame_index,episode_index,index,task_index
"[0.42144545912742615, -0.07989736646413803, 0.0, 0.0, 0.0, 0.0, 0.0, 0.0]","[0.013048231601715088, 0.009597167372703552, 0.0, 0.0, 0.0, 0.0, 1.0]",1.0,5,15,79,29
"[0.2452090084552765, -0.1501682549715042, 0.0, 0.0, 0.0, 0.0, 0.0, 0.0]","[0.0, 0.0, 0.0, 0.0, 0.0, 0.0, 1.0]",0.800000011920929,32,5,85,2
"[0.4663504660129547, -0.061660587787628174, 0.0, 0.0, 0.0, 0.0, 0.0, 0.0]","[0.008099585771560669, 0.039695337414741516, 0.0, 0.0, 0.0, 0.0, 1.0]",2.5,16,16,91,7
"[0.2981158196926117, -0.013077587820589542, 0.0, 0.0, 0.0, 0.0, 0.0, 0.0]","[0.0, 0.0, 0.0, 0.0, 0.0, 0.0, 1.0]",0.8999999761581421,10,29,330,22
"[0.38246098160743713, -0.02387392520904541, 0.0, 0.0, 0.0, 0.0, 0.0, 0.0]","[-0.023730754852294922, 0.012094425037503242, 0.0, 0.0, 0.0, 0.0, 1.0]",1.100000023841858,4,16,350,7
"[0.5371982455253601, 0.09380701184272766, 0.0, 0.0, 0.0, 0.0, 0.0, 0.0]","[0.004894256591796875, -0.046940967440605164, 0.0, 0.0, 0.0, 0.0, 1.0]",0.6000000238418579,0,2,450,12
"[0.5156797766685486, -0.12834803760051727, 0.0, 0.0, 0.0, 0.0, 0.0, 0.0]","[-0.04206150770187378, 0.010443955659866333, 0.0, 0.0, 0.0, 0.0, 1.0]",0.30000001192092896,27,28,93,14
"[0.48072806000709534, 0.009417269378900528, 0.0, 0.0, 0.0, 0.0, 0.0, 0.0]","[-0.025661557912826538, 0.03149307519197464, 0.0, 0.0, 0.0, 0.0, 1.0]",0.10000000149011612,0,4,257,0
"[0.3980940580368042, -0.21393121778964996, 0.0, 0.0, 0.0, 0.0, 0.0, 0.0]","[0.0, 0.0, 0.0, 0.0, 0.0, 0.0, 1.0]",0.800000011920929,4,29,435,5
"[0.43109291791915894, -0.23188424110412598, 0.0, 0.0, 0.0, 0.0, 0.0, 0.0]","[0.042632728815078735, -0.011521298438310623, 0.0, 0.0, 0.0, 0.0, 1.0]",0.0,5,14,50,15
"[0.48339003324508667, -0.0952097550034523, 0.0, 0.0, 0.0, 0.0, 0.0, 0.0]","[0.07224595546722412, -0.10804387927055359, 0.0, 0.0, 0.0, 0.0, 1.0]",2.0,12,5,182,24
"[0.2929207682609558, -0.12177087366580963, 0.0, 0.0, 0.0, 0.0, 0.0, 0.0]","[-0.04067540168762207, -0.019413061439990997, 0.0, 0.0, 0.0, 0.0, 1.0]",0.0,21,18,109,13
"[0.4337660074234009, -0.01695510745048523, 0.0, 0.0, 0.0, 0.0, 0.0, 0.0]","[0.0, -0.00021585822105407715, 0.0, 0.0, 0.0, 0.0, 1.0]",0.800000011920929,2,16,436,18
"[0.5387623310089111, 0.05718167871236801, 0.0, 0.0, 0.0, 0.0, 0.0, 0.0]","[-0.08266901969909668, -0.06688844412565231, 0.0, 0.0, 0.0, 0.0, 1.0]",2.200000047683716,1,12,193,18
"[0.40577131509780884, -0.0029688538052141666, 0.0, 0.0, 0.0, 0.0, 0.0, 0.0]","[0.03674551844596863, -0.0020826430991292, 0.0, 0.0, 0.0, 0.0, 1.0]",0.0,8,24,186,3
"[0.5488256216049194, -0.009059869684278965, 0.0, 0.0, 0.0, 0.0, 0.0, 0.0]","[-0.019265800714492798, -0.05498571693897247, 0.0, 0.0, 0.0, 0.0, 1.0]",1.0,4,8,230,12
"[0.2840906083583832, -0.02760116383433342, 0.0, 0.0, 0.0, 0.0, 0.0, 0.0]","[-0.02403205633163452, -0.09199211746454239, 0.0, 0.0, 0.0, 0.0, 1.0]",0.8999999761581421,35,10,49,12
"[0.24550436437129974, -0.12831257283687592, 0.0, 0.0, 0.0, 0.0, 0.0, 0.0]","[0.13836336135864258, 0.08608020842075348, 0.0, 0.0, 0.0, 0.0, 1.0]",0.5,0,25,451,7
"[0.4092637300491333, 0.002512355800718069, 0.0, 0.0, 0.0, 0.0, 0.0, 0.0]","[-0.00915449857711792, -0.0077925920486450195, 0.0, 0.0, 0.0, 0.0, 1.0]",1.0,10,21,207,6
"[0.5181528925895691, -0.09717559069395065, 0.0, 0.0, 0.0, 0.0, 0.0, 0.0]","[-0.04415479302406311, 0.0447167232632637, 0.0, 0.0, 0.0, 0.0, 1.0]",0.8999999761581421,11,0,284,28
"[0.37808191776275635, 0.03232276812195778, 0.0, 0.0, 0.0, 0.0, 0.0, 0.0]","[0.017850756645202637, -0.03343670070171356, 0.0, 0.0, 0.0, 0.0, 1.0]",3.4000000953674316,10,5,402,7
"[0.29315826296806335, -0.24462462961673737, 0.0, 0.0, 0.0, 0.0, 0.0, 0.0]","[-0.011863410472869873, -0.00231369212269783, 0.0, 0.0, 0.0, 0.0, 1.0]",1.100000023841858,10,1,178,5
"[0.4999205470085144, 0.08062128722667694, 0.0, 0.0, 0.0, 0.0, 0.0, 0.0]","[0.03188249468803406, 0.03298071026802063, 0.0, 0.0, 0.0, 0.0, 1.0]",0.4000000059604645,9,11,105,6
"[0.569360613822937, -0.01279147993773222, 0.0, 0.0, 0.0, 0.0, 0.0, 0.0]","[0.0, 0.0, 0.0, 0.0, 0.0, 0.0, 1.0]",1.2999999523162842,6,25,408,5
"[0.3056734800338745, 0.12401945888996124, 0.0, 0.0, 0.0, 0.0, 0.0, 0.0]","[-0.006565064191818237, -0.12904365360736847, 0.0, 0.0, 0.0, 0.0, 1.0]",0.30000001192092896,18,10,375,17
"[0.2581706643104553, 0.23034803569316864, 0.0, 0.0, 0.0, 0.0, 0.0, 0.0]","[0.0035966485738754272, -0.02980637550354004, 0.0, 0.0, 0.0, 0.0, 1.0]",0.699999988079071,4,19,195,14
"[0.4037170112133026, -0.08140812069177628, 0.0, 0.0, 0.0, 0.0, 0.0, 0.0]","[0.05257558822631836, -0.07406657934188843, 0.0, 0.0, 0.0, 0.0, 1.0]",0.6000000238418579,23,1,17,18
"[0.524223804473877, 0.2457154542207718, 0.0, 0.0, 0.0, 0.0, 0.0, 0.0]","[-0.07145696878433228, -0.07925275713205338, 0.0, 0.0, 0.0, 0.0, 1.0]",1.100000023841858,14,12,440,12
"[0.4335310757160187, 0.03795201703906059, 0.0, 0.0, 0.0, 0.0, 0.0, 0.0]","[0.0005299597978591919, 0.027040302753448486, 0.0, 0.0, 0.0, 0.0, 1.0]",1.5,9,7,63,14
"[0.3909718096256256, 0.13413624465465546, 0.0, 0.0, 0.0, 0.0, 0.0, 0.0]","[0.05915313959121704, -0.0773293748497963, 0.0, 0.0, 0.0, 0.0, 1.0]",0.699999988079071,9,18,486,17
"[0.45660480856895447, 0.1858312040567398, 0.0, 0.0, 0.0, 0.0, 0.0, 0.0]","[-0.040938735008239746, 0.0376872792840004, 0.0, 0.0, 0.0, 0.0, 1.0]",0.30000001192092896,12,23,289,22
"[0.58447265625, -0.05898967385292053, 0.0, 0.0, 0.0, 0.0, 0.0, 0.0]","[-0.03352952003479004, 0.043194934725761414, 0.0, 0.0, 0.0, 0.0, 1.0]",0.10000000149011612,4,4,161,0
"[0.6176491379737854, 0.1135917529463768, 0.0, 0.0, 0.0, 0.0, 0.0, 0.0]","[0.0010379552841186523, -0.02665172517299652, 0.0, 0.0, 0.0, 0.0, 1.0]",1.0,12,12,213,17
"[0.4993246793746948, 0.28726112842559814, 0.0, 0.0, 0.0, 0.0, 0.0, 0.0]","[-0.034235090017318726, -0.009140603244304657, 0.0, 0.0, 0.0, 0.0, 1.0]",0.4000000059604645,14,14,215,12
"[0.29514431953430176, 0.05837256833910942, 0.0, 0.0, 0.0, 0.0, 0.0, 0.0]","[-0.02042439579963684, 0.06571469455957413, 0.0, 0.0, 0.0, 0.0, 1.0]",0.8999999761581421,0,22,277,29
"[0.4900575876235962, -0.018197910860180855, 0.0, 0.0, 0.0, 0.0, 0.0, 0.0]","[0.022077083587646484, -0.08810439705848694, 0.0, 0.0, 0.0, 0.0, 1.0]",0.10000000149011612,3,7,426,11
"[0.4188200831413269, -0.12175613641738892, 0.0, 0.0, 0.0, 0.0, 0.0, 0.0]","[0.036546796560287476, -0.008981838822364807, 0.0, 0.0, 0.0, 0.0, 1.0]",1.5,2,0,385,12
"[0.42272254824638367, 0.09451860189437866, 0.0, 0.0, 0.0, 0.0, 0.0, 0.0]","[0.09143653512001038, -0.06081601604819298, 0.0, 0.0, 0.0, 0.0, 1.0]",1.600000023841858,15,0,90,10
"[0.3401448428630829, 0.005364221520721912, 0.0, 0.0, 0.0, 0.0, 0.0, 0.0]","[-0.017388522624969482, -0.018989458680152893, 0.0, 0.0, 0.0, 0.0, 1.0]",0.5,3,3,285,8
"[0.19141237437725067, -0.12288367003202438, 0.0, 0.0, 0.0, 0.0, 0.0, 0.0]","[-0.019229203462600708, 0.079649418592453, 0.0, 0.0, 0.0, 0.0, 1.0]",0.30000001192092896,0,3,26,11
"[0.3612079322338104, 0.05528188869357109, 0.0, 0.0, 0.0, 0.0, 0.0, 0.0]","[-0.045737892389297485, 0.006377961486577988, 0.0, 0.0, 0.0, 0.0, 1.0]",1.7999999523162842,7,0,250,22
"[0.42504119873046875, -0.11333118379116058, 0.0, 0.0, 0.0, 0.0, 0.0, 0.0]","[0.0, 0.0, 0.0, 0.0, 0.0, 0.0, 1.0]",1.2000000476837158,19,29,360,21
"[0.2804514467716217, 0.025043128058314323, 0.0, 0.0, 0.0, 0.0, 0.0, 0.0]","[0.00417560338973999, 0.01691603660583496, 0.0, 0.0, 0.0, 0.0, 1.0]",0.10000000149011612,3,29,7,12
"[0.3782682418823242, -0.042327623814344406, 0.0, 0.0, 0.0, 0.0, 0.0, 0.0]","[0.04036134481430054, 0.02206873893737793, 0.0, 0.0, 0.0, 0.0, 1.0]",1.5,16,10,32,0
"[0.4323139786720276, -0.16305799782276154, 0.0, 0.0, 0.0, 0.0, 0.0, 0.0]","[-0.06452755630016327, -0.04540197551250458, 0.0, 0.0, 0.0, 0.0, 1.0]",1.2000000476837158,13,17,11,5
"[0.3275923430919647, -0.00533004105091095, 0.0, 0.0, 0.0, 0.0, 0.0, 0.0]","[-0.0013637542724609375, -0.011169105768203735, 0.0, 0.0, 0.0, 0.0, 1.0]",0.4000000059604645,7,23,102,19
"[0.3520985245704651, -0.11996428668498993, 0.0, 0.0, 0.0, 0.0, 0.0, 0.0]","[0.0, 0.0, 0.0, 0.0, 0.0, 0.0, 1.0]",0.699999988079071,8,5,208,8
"[0.42518946528434753, -0.05057971924543381, 0.0, 0.0, 0.0, 0.0, 0.0, 0.0]","[-0.012401729822158813, 0.028161421418190002, 0.0, 0.0, 0.0, 0.0, 1.0]",0.8999999761581421,9,27,223,25
"[0.4048306941986084, 0.1674003005027771, 0.0, 0.0, 0.0, 0.0, 0.0, 0.0]","[0.009221374988555908, 0.023412078619003296, 0.0, 0.0, 0.0, 0.0, 1.0]",1.0,9,4,344,29
"[0.1920379400253296, -0.16195103526115417, 0.0, 0.0, 0.0, 0.0, 0.0, 0.0]","[-9.98377799987793e-06, -0.019360456615686417, 0.0, 0.0, 0.0, 0.0, 1.0]",1.100000023841858,3,25,137,10
"[0.5668481588363647, 0.1711871176958084, 0.0, 0.0, 0.0, 0.0, 0.0, 0.0]","[-0.01743069291114807, 0.01511925458908081, 0.0, 0.0, 0.0, 0.0, 1.0]",0.30000001192092896,11,12,303,28
"[0.526160478591919, 0.09737739711999893, 0.0, 0.0, 0.0, 0.0, 0.0, 0.0]","[0.07012462615966797, 0.016988635063171387, 0.0, 0.0, 0.0, 0.0, 1.0]",1.0,3,27,307,19
"[0.3275921940803528, 0.003929825499653816, 0.0, 0.0, 0.0, 0.0, 0.0, 0.0]","[0.003982245922088623, -3.948807716369629e-07, 0.0, 0.0, 0.0, 0.0, 1.0]",1.2999999523162842,13,3,405,20
"[0.4441607892513275, 0.04442702606320381, 0.0, 0.0, 0.0, 0.0, 0.0, 0.0]","[0.0744861364364624, 0.05054458975791931, 0.0, 0.0, 0.0, 0.0, 1.0]",0.5,8,5,417,6
"[0.32919934391975403, 0.09571254998445511, 0.0, 0.0, 0.0, 0.0, 0.0, 0.0]","[0.0005019903182983398, 0.03893740475177765, 0.0, 0.0, 0.0, 0.0, 1.0]",0.8999999761581421,2,11,264,5
"[0.5526483058929443, 0.15765389800071716, 0.0, 0.0, 0.0, 0.0, 0.0, 0.0]","[0.0, 0.0, 0.0, 0.0, 0.0, 0.0, 1.0]",0.800000011920929,2,23,332,18
"[0.32761549949645996, 0.07610127329826355, 0.0, 0.0, 0.0, 0.0, 0.0, 0.0]","[-0.06246986985206604, -0.051539599895477295, 0.0, 0.0, 0.0, 0.0, 1.0]",0.6000000238418579,1,19,209,22
"[0.35637083649635315, 0.03745511546730995, 0.0, 0.0, 0.0, 0.0, 0.0, 0.0]","[0.09572306275367737, 0.034141093492507935, 0.0, 0.0, 0.0, 0.0, 1.0]",0.20000000298023224,18,18,42,6
"[0.4584202468395233, 0.13790324330329895, 0.0, 0.0, 0.0, 0.0, 0.0, 0.0]","[2.384185791015625e-06, -0.011951282620429993, 0.0, 0.0, 0.0, 0.0, 1.0]",0.800000011920929,8,22,163,14
"[0.3345259428024292, 0.19200676679611206, 0.0, 0.0, 0.0, 0.0, 0.0, 0.0]","[-0.01776409149169922, -0.03275205194950104, 0.0, 0.0, 0.0, 0.0, 1.0]",3.5999999046325684,7,10,269,27
"[0.33865413069725037, 0.09655309468507767, 0.0, 0.0, 0.0, 0.0, 0.0, 0.0]","[0.0010066628456115723, -0.07191851735115051, 0.0, 0.0, 0.0, 0.0, 1.0]",0.30000001192092896,17,12,64,14
"[0.2576182782649994, 0.15976017713546753, 0.0, 0.0, 0.0, 0.0, 0.0, 0.0]","[0.024428755044937134, 0.03158709406852722, 0.0, 0.0, 0.0, 0.0, 1.0]",1.0,10,20,495,1
"[0.429088294506073, -0.11003890633583069, 0.0, 0.0, 0.0, 0.0, 0.0, 0.0]","[-0.06603476405143738, -0.0015860050916671753, 0.0, 0.0, 0.0, 0.0, 1.0]",1.5,12,10,41,0
"[0.4426004886627197, 0.14380712807178497, 0.0, 0.0, 0.0, 0.0, 0.0, 0.0]","[-0.044682323932647705, 0.04954676330089569, 0.0, 0.0, 0.0, 0.0, 1.0]",0.699999988079071,25,17,266,18
"[0.3114893138408661, -0.0010036774910986423, 0.0, 0.0, 0.0, 0.0, 0.0, 0.0]","[0.0, 0.0, 0.0, 0.0, 0.0, 0.0, 1.0]",0.699999988079071,9,2,190,14
"[0.4738936722278595, -0.08659288287162781, 0.0, 0.0, 0.0, 0.0, 0.0, 0.0]","[0.00018045306205749512, 0.024780869483947754, 0.0, 0.0, 0.0, 0.0, 1.0]",0.4000000059604645,17,23,329,10
"[0.6153515577316284, 0.09733599424362183, 0.0, 0.0, 0.0, 0.0, 0.0, 0.0]","[-0.0071239173412323, 0.02718242257833481, 0.0, 0.0, 0.0, 0.0, 1.0]",0.800000011920929,17,20,398,10
"[0.26413264870643616, -0.034537915140390396, 0.0, 0.0, 0.0, 0.0, 0.0, 0.0]","[0.00749659538269043, -0.018546491861343384, 0.0, 0.0, 0.0, 0.0, 1.0]",0.4000000059604645,1,20,438,10
"[0.2892511487007141, -0.20158496499061584, 0.0, 0.0, 0.0, 0.0, 0.0, 0.0]","[0.008909404277801514, 0.005112975835800171, 0.0, 0.0, 0.0, 0.0, 1.0]",0.6000000238418579,34,25,101,0
"[0.504379153251648, 0.0011228673392906785, 0.0, 0.0, 0.0, 0.0, 0.0, 0.0]","[-1.0132789611816406e-06, 0.002179577946662903, 0.0, 0.0, 0.0, 0.0, 1.0]",0.30000001192092896,6,14,352,27
"[0.5340238213539124, 0.21077969670295715, 0.0, 0.0, 0.0, 0.0, 0.0, 0.0]","[-0.024674922227859497, -0.0075498782098293304, 0.0, 0.0, 0.0, 0.0, 1.0]",3.200000047683716,9,19,196,24
"[0.268642395734787, -0.1323004961013794, 0.0, 0.0, 0.0, 0.0, 0.0, 0.0]","[-0.034788042306900024, 0.00024020671844482422, 0.0, 0.0, 0.0, 0.0, 1.0]",2.4000000953674316,14,16,400,14
"[0.398788720369339, 0.08065777271986008, 0.0, 0.0, 0.0, 0.0, 0.0, 0.0]","[-0.01618233323097229, 0.02761877328157425, 0.0, 0.0, 0.0, 0.0, 1.0]",0.30000001192092896,6,17,20,17
"[0.32760855555534363, 0.06310677528381348, 0.0, 0.0, 0.0, 0.0, 0.0, 0.0]","[0.026506006717681885, 0.04892325401306152, 0.0, 0.0, 0.0, 0.0, 1.0]",0.699999988079071,5,16,10,28
"[0.3447033166885376, -0.019014783203601837, 0.0, 0.0, 0.0, 0.0, 0.0, 0.0]","[0.03540825843811035, 0.015219725668430328, 0.0, 0.0, 0.0, 0.0, 1.0]",0.5,19,18,233,15
"[0.37938836216926575, 0.010258153080940247, 0.0, 0.0, 0.0, 0.0, 0.0, 0.0]","[-0.030685007572174072, -0.10954800993204117, 0.0, 0.0, 0.0, 0.0, 1.0]",0.0,36,14,82,29
"[0.43736839294433594, -0.3043845295906067, 0.0, 0.0, 0.0, 0.0, 0.0, 0.0]","[0.0, 0.0, 0.0, 0.0, 0.0, 0.0, 1.0]",1.399999976158142,8,13,44,23
"[0.4455620050430298, 0.25368380546569824, 0.0, 0.0, 0.0, 0.0, 0.0, 0.0]","[-0.010840296745300293, 0.0035714134573936462, 0.0, 0.0, 0.0, 0.0, 1.0]",1.399999976158142,5,25,462,28
"[0.525547206401825, 0.12936097383499146, 0.0, 0.0, 0.0, 0.0, 0.0, 0.0]","[-0.054775506258010864, -0.012059852480888367, 0.0, 0.0, 0.0, 0.0, 1.0]",0.5,1,18,263,25
"[0.5131266713142395, 0.13427628576755524, 0.0, 0.0, 0.0, 0.0, 0.0, 0.0]","[0.007314056158065796, 0.0012689977884292603, 0.0, 0.0, 0.0, 0.0, 1.0]",1.600000023841858,3,24,23,18
"[0.2937239408493042, -0.1912759393453598, 0.0, 0.0, 0.0, 0.0, 0.0, 0.0]","[0.0016756653785705566, -0.03383878618478775, 0.0, 0.0, 0.0, 0.0, 1.0]",0.20000000298023224,15,15,381,23
"[0.3231544494628906, -0.13227593898773193, 0.0, 0.0, 0.0, 0.0, 0.0, 0.0]","[0.021581649780273438, -0.06278964132070541, 0.0, 0.0, 0.0, 0.0, 1.0]",2.0,13,27,179,25
"[0.2901250720024109, 0.04825646057724953, 0.0, 0.0, 0.0, 0.0, 0.0, 0.0]","[0.00661739706993103, 0.10974811762571335, 0.0, 0.0, 0.0, 0.0, 1.0]",1.7999999523162842,20,0,455,28
"[0.2794781029224396, 0.2818734049797058, 0.0, 0.0, 0.0, 0.0, 0.0, 0.0]","[0.0108298659324646, -0.1322016566991806, 0.0, 0.0, 0.0, 0.0, 1.0]",1.2000000476837158,2,24,394,29
"[0.5716978907585144, 0.13743719458580017, 0.0, 0.0, 0.0, 0.0, 0.0, 0.0]","[0.021497756242752075, -0.03928368538618088, 0.0, 0.0, 0.0, 0.0, 1.0]",1.2000000476837158,8,5,461,24
"[0.48531657457351685, 0.12585453689098358, 0.0, 0.0, 0.0, 0.0, 0.0, 0.0]","[-4.649162292480469e-06, -0.012467235326766968, 0.0, 0.0, 0.0, 0.0, 1.0]",3.4000000953674316,0,5,291,7
"[0.32454055547714233, -0.11043478548526764, 0.0, 0.0, 0.0, 0.0, 0.0, 0.0]","[0.04015687108039856, 0.028650231659412384, 0.0, 0.0, 0.0, 0.0, 1.0]",1.5,26,12,488,18
"[0.43231093883514404, -0.15869632363319397, 0.0, 0.0, 0.0, 0.0, 0.0, 0.0]","[0.0, 0.0, 0.0, 0.0, 0.0, 0.0, 1.0]",1.899999976158142,9,5,290,12
"[0.4240184426307678, -0.12924052774906158, 0.0, 0.0, 0.0, 0.0, 0.0, 0.0]","[-0.007844865322113037, 1.9669532775878906e-06, 0.0, 0.0, 0.0, 0.0, 1.0]",0.10000000149011612,8,17,481,24
"[0.34434372186660767, -0.16383549571037292, 0.0, 0.0, 0.0, 0.0, 0.0, 0.0]","[6.556510925292969e-07, -0.0026583969593048096, 0.0, 0.0, 0.0, 0.0, 1.0]",0.20000000298023224,3,10,434,1
"[0.4188210964202881, -0.12400742620229721, 0.0, 0.0, 0.0, 0.0, 0.0, 0.0]","[0.004469156265258789, -0.005289241671562195, 0.0, 0.0, 0.0, 0.0, 1.0]",0.5,10,18,274,8
"[0.44735294580459595, -0.22743451595306396, 0.0, 0.0, 0.0, 0.0, 0.0, 0.0]","[0.12080052495002747, 0.0019842833280563354, 0.0, 0.0, 0.0, 0.0, 1.0]",2.0999999046325684,19,16,484,24
"[0.46217331290245056, -0.06732062995433807, 0.0, 0.0, 0.0, 0.0, 0.0, 0.0]","[-0.005300074815750122, -0.11046499013900757, 0.0, 0.0, 0.0, 0.0, 1.0]",0.4000000059604645,36,23,226,8
"[0.5279470086097717, 0.19040480256080627, 0.0, 0.0, 0.0, 0.0, 0.0, 0.0]","[0.04662364721298218, -0.009358324110507965, 0.0, 0.0, 0.0, 0.0, 1.0]",0.800000011920929,14,19,338,29
"[0.46586376428604126, 0.011181699112057686, 0.0, 0.0, 0.0, 0.0, 0.0, 0.0]","[0.034663885831832886, 0.024656206369400024, 0.0, 0.0, 0.0, 0.0, 1.0]",0.20000000298023224,31,22,376,7
"[0.47051480412483215, -0.19139115512371063, 0.0, 0.0, 0.0, 0.0, 0.0, 0.0]","[-0.0389614999294281, -0.09788872301578522, 0.0, 0.0, 0.0, 0.0, 1.0]",1.100000023841858,1,14,60,12
"[0.47049590945243835, -0.09212086349725723, 0.0, 0.0, 0.0, 0.0, 0.0, 0.0]","[0.014793992042541504, -0.0020114704966545105, 0.0, 0.0, 0.0, 0.0, 1.0]",0.5,23,28,255,2
"[0.3967616558074951, -0.2727569043636322, 0.0, 0.0, 0.0, 0.0, 0.0, 0.0]","[-0.0025277435779571533, -0.03518999367952347, 0.0, 0.0, 0.0, 0.0, 1.0]",0.10000000149011612,16,10,141,29
"[0.2576301097869873, 0.1947566568851471, 0.0, 0.0, 0.0, 0.0, 0.0, 0.0]","[-0.014966756105422974, -0.0054350062273442745, 0.0, 0.0, 0.0, 0.0, 1.0]",3.0999999046325684,12,7,388,14
"[0.4870275855064392, -0.08838921785354614, 0.0, 0.0, 0.0, 0.0, 0.0, 0.0]","[-0.0006006062030792236, -0.05664438009262085, 0.0, 0.0, 0.0, 0.0, 1.0]",0.5,28,18,275,18
"[0.444936603307724, -0.030636755749583244, 0.0, 0.0, 0.0, 0.0, 0.0, 0.0]","[0.04728004336357117, 0.04526841640472412, 0.0, 0.0, 0.0, 0.0, 1.0]",1.2000000476837158,2,5,471,5
"[0.4176655411720276, 0.006606450304389, 0.0, 0.0, 0.0, 0.0, 0.0, 0.0]","[0.02082914113998413, 0.019172489643096924, 0.0, 0.0, 0.0, 0.0, 1.0]",0.4000000059604645,2,7,127,18
"[0.5649626851081848, 0.14074911177158356, 0.0, 0.0, 0.0, 0.0, 0.0, 0.0]","[-0.019215255975723267, 0.008387193083763123, 0.0, 0.0, 0.0, 0.0, 1.0]",0.6000000238418579,6,29,499,25
"[0.32764312624931335, -0.20142997801303864, 0.0, 0.0, 0.0, 0.0, 0.0, 0.0]","[0.0, 0.0, 0.0, 0.0, 0.0, 0.0, 1.0]",0.699999988079071,9,14,98,24
"[0.44094178080558777, -0.14908306300640106, 0.0, 0.0, 0.0, 0.0, 0.0, 0.0]","[-0.002202272415161133, -0.0051202550530433655, 0.0, 0.0, 0.0, 0.0, 1.0]",1.5,4,29,46,18
"[0.508950412273407, -0.0004153724294155836, 0.0, 0.0, 0.0, 0.0, 0.0, 0.0]","[-0.0008999407291412354, -0.02394762635231018, 0.0, 0.0, 0.0, 0.0, 1.0]",0.20000000298023224,23,24,133,18
"[0.3957560956478119, 0.11922848969697952, 0.0, 0.0, 0.0, 0.0, 0.0, 0.0]","[0.009719222784042358, 0.07295279204845428, 0.0, 0.0, 0.0, 0.0, 1.0]",0.8999999761581421,33,18,393,25
"[0.4901989698410034, -0.011646606959402561, 0.0, 0.0, 0.0, 0.0, 0.0, 0.0]","[0.0002688765525817871, -0.05812826007604599, 0.0, 0.0, 0.0, 0.0, 1.0]",1.7000000476837158,3,24,470,0
"[0.2775074541568756, -0.09158196300268173, 0.0, 0.0, 0.0, 0.0, 0.0, 0.0]","[0.012459784746170044, 0.10373642295598984, 0.0, 0.0, 0.0, 0.0, 1.0]",0.30000001192092896,31,16,341,11
"[0.46621882915496826, -0.007565268315374851, 0.0, 0.0, 0.0, 0.0, 0.0, 0.0]","[-4.1425228118896484e-06, -0.05625317990779877, 0.0, 0.0, 0.0, 0.0, 1.0]",2.0,18,20,227,15
"[0.41933706402778625, -0.10583920776844025, 0.0, 0.0, 0.0, 0.0, 0.0, 0.0]","[0.042403966188430786, -0.045341819524765015, 0.0, 0.0, 0.0, 0.0, 1.0]",0.0,5,12,483,0
"[0.39781323075294495, -0.2259141057729721, 0.0, 0.0, 0.0, 0.0, 0.0, 0.0]","[-0.00046640634536743164, -0.07385919243097305, 0.0, 0.0, 0.0, 0.0, 1.0]",1.0,5,18,134,1
"[0.3348815441131592, 0.07056092470884323, 0.0, 0.0, 0.0, 0.0, 0.0, 0.0]","[-0.0020827651023864746, 0.0010795146226882935, 0.0, 0.0, 0.0, 0.0, 1.0]",3.299999952316284,10,25,411,20
"[0.4673681855201721, 0.17933475971221924, 0.0, 0.0, 0.0, 0.0, 0.0, 0.0]","[-0.011454999446868896, -0.026848673820495605, 0.0, 0.0, 0.0, 0.0, 1.0]",0.800000011920929,1,5,33,28
"[0.4865019619464874, 0.20346622169017792, 0.0, 0.0, 0.0, 0.0, 0.0, 0.0]","[-1.895427703857422e-05, 0.06653288006782532, 0.0, 0.0, 0.0, 0.0, 1.0]",1.399999976158142,11,7,112,18
"[0.313650906085968, 0.18482977151870728, 0.0, 0.0, 0.0, 0.0, 0.0, 0.0]","[-1.8477439880371094e-06, -0.00512850284576416, 0.0, 0.0, 0.0, 0.0, 1.0]",1.600000023841858,1,15,453,21
"[0.4148769974708557, -0.18628662824630737, 0.0, 0.0, 0.0, 0.0, 0.0, 0.0]","[0.02717268466949463, 0.03722202777862549, 0.0, 0.0, 0.0, 0.0, 1.0]",1.0,5,7,315,20
"[0.3625601828098297, -0.10075408220291138, 0.0, 0.0, 0.0, 0.0, 0.0, 0.0]","[-0.03017011284828186, -0.018933560699224472, 0.0, 0.0, 0.0, 0.0, 1.0]",0.6000000238418579,11,29,493,14
"[0.2794781029224396, 0.2820892632007599, 0.0, 0.0, 0.0, 0.0, 0.0, 0.0]","[0.026063591241836548, 0.02297346293926239, 0.0, 0.0, 0.0, 0.0, 1.0]",0.800000011920929,1,18,71,5
"[0.5275592803955078, -0.059236228466033936, 0.0, 0.0, 0.0, 0.0, 0.0, 0.0]","[0.058164238929748535, 0.07047320902347565, 0.0, 0.0, 0.0, 0.0, 1.0]",1.0,6,29,95,12
"[0.2773074805736542, -0.049255333840847015, 0.0, 0.0, 0.0, 0.0, 0.0, 0.0]","[0.0019360184669494629, -0.012983512133359909, 0.0, 0.0, 0.0, 0.0, 1.0]",0.5,2,15,437,18
"[0.3406190276145935, 0.17116329073905945, 0.0, 0.0, 0.0, 0.0, 0.0, 0.0]","[0.022721707820892334, 0.07254648208618164, 0.0, 0.0, 0.0, 0.0, 1.0]",0.0,17,3,472,22
"[0.4760662913322449, 0.16429245471954346, 0.0, 0.0, 0.0, 0.0, 0.0, 0.0]","[0.03702089190483093, 0.10678548365831375, 0.0, 0.0, 0.0, 0.0, 1.0]",0.10000000149011612,10,16,70,4
"[0.35989299416542053, 0.08264871686697006, 0.0, 0.0, 0.0, 0.0, 0.0, 0.0]","[-0.028124094009399414, 0.014937594532966614, 0.0, 0.0, 0.0, 0.0, 1.0]",0.20000000298023224,0,9,27,14
"[0.3246321976184845, -0.3036366403102875, 0.0, 0.0, 0.0, 0.0, 0.0, 0.0]","[-0.01938045024871826, -0.06977583467960358, 0.0, 0.0, 0.0, 0.0, 1.0]",1.100000023841858,2,8,335,5
"[0.310444176197052, 0.019028540700674057, 0.0, 0.0, 0.0, 0.0, 0.0, 0.0]","[-0.017066121101379395, 0.022304534912109375, 0.0, 0.0, 0.0, 0.0, 1.0]",1.5,6,19,441,0
"[0.44497373700141907, -0.1337643414735794, 0.0, 0.0, 0.0, 0.0, 0.0, 0.0]","[-0.00012427568435668945, 0.10950572043657303, 0.0, 0.0, 0.0, 0.0, 1.0]",0.8999999761581421,4,1,415,29
"[0.3342989683151245, -0.1432306319475174, 0.0, 0.0, 0.0, 0.0, 0.0, 0.0]","[0.012442618608474731, 0.00419183075428009, 0.0, 0.0, 0.0, 0.0, 1.0]",0.699999988079071,4,4,142,14
"[0.40002432465553284, -0.20152045786380768, 0.0, 0.0, 0.0, 0.0, 0.0, 0.0]","[-0.09351420402526855, -0.031212106347084045, 0.0, 0.0, 0.0, 0.0, 1.0]",1.0,16,28,416,8
"[0.3288903534412384, 0.08655992895364761, 0.0, 0.0, 0.0, 0.0, 0.0, 0.0]","[0.044493675231933594, 0.02553284913301468, 0.0, 0.0, 0.0, 0.0, 1.0]",1.899999976158142,3,8,146,18
"[0.4285285770893097, 0.018129218369722366, 0.0, 0.0, 0.0, 0.0, 0.0, 0.0]","[-0.008899867534637451, 0.044652387499809265, 0.0, 0.0, 0.0, 0.0, 1.0]",0.800000011920929,12,26,309,15
"[0.32759252190589905, 0.010031091049313545, 0.0, 0.0, 0.0, 0.0, 0.0, 0.0]","[-0.025105386972427368, 0.001224275678396225, 0.0, 0.0, 0.0, 0.0, 1.0]",1.600000023841858,6,0,175,24
"[0.4273209273815155, -0.06715235114097595, 0.0, 0.0, 0.0, 0.0, 0.0, 0.0]","[0.0005179345607757568, 0.01620030403137207, 0.0, 0.0, 0.0, 0.0, 1.0]",0.6000000238418579,9,3,14,5
"[0.294384241104126, -0.03102121688425541, 0.0, 0.0, 0.0, 0.0, 0.0, 0.0]","[-3.248453140258789e-06, 0.007041625678539276, 0.0, 0.0, 0.0, 0.0, 1.0]",0.699999988079071,3,24,406,27
"[0.3941093981266022, -0.07821092754602432, 0.0, 0.0, 0.0, 0.0, 0.0, 0.0]","[-0.1237059235572815, 0.07084082067012787, 0.0, 0.0, 0.0, 0.0, 1.0]",0.0,0,10,170,15
"[0.26119405031204224, -0.08194983005523682, 0.0, 0.0, 0.0, 0.0, 0.0, 0.0]","[0.039222896099090576, 0.008227244019508362, 0.0, 0.0, 0.0, 0.0, 1.0]",0.0,0,24,322,24
"[0.384548157453537, 0.2769116461277008, 0.0, 0.0, 0.0, 0.0, 0.0, 0.0]","[0.002368628978729248, 1.087784767150879e-06, 0.0, 0.0, 0.0, 0.0, 1.0]",3.0,16,8,171,12
"[0.5169693231582642, 0.1283518373966217, 0.0, 0.0, 0.0, 0.0, 0.0, 0.0]","[-0.019292503595352173, -0.05827432870864868, 0.0, 0.0, 0.0, 0.0, 1.0]",1.899999976158142,9,7,160,18
"[0.4293888509273529, 0.04325784370303154, 0.0, 0.0, 0.0, 0.0, 0.0, 0.0]","[0.06373471021652222, 0.011654414236545563, 0.0, 0.0, 0.0, 0.0, 1.0]",0.20000000298023224,1,25,116,18
"[0.6079673171043396, 0.24862918257713318, 0.0, 0.0, 0.0, 0.0, 0.0, 0.0]","[0.0029904842376708984, -0.08677387237548828, 0.0, 0.0, 0.0, 0.0, 1.0]",0.6000000238418579,5,12,57,24
"[0.2576262950897217, 0.18337257206439972, 0.0, 0.0, 0.0, 0.0, 0.0, 0.0]","[0.0053862035274505615, 0.009242162108421326, 0.0, 0.0, 0.0, 0.0, 1.0]",0.10000000149011612,1,22,126,15
"[0.47444823384284973, 0.1383783370256424, 0.0, 0.0, 0.0, 0.0, 0.0, 0.0]","[0.025631964206695557, 0.009140685200691223, 0.0, 0.0, 0.0, 0.0, 1.0]",0.8999999761581421,6,22,2,10
"[0.41401827335357666, 0.05073348432779312, 0.0, 0.0, 0.0, 0.0, 0.0, 0.0]","[-0.08525806665420532, -0.0659560039639473, 0.0, 0.0, 0.0, 0.0, 1.0]",0.6000000238418579,5,15,216,2
"[0.48665598034858704, 0.11490615457296371, 0.0, 0.0, 0.0, 0.0, 0.0, 0.0]","[-0.01868438720703125, -0.03760479763150215, 0.0, 0.0, 0.0, 0.0, 1.0]",1.100000023841858,2,18,294,29
"[0.4986063241958618, 0.07831379026174545, 0.0, 0.0, 0.0, 0.0, 0.0, 0.0]","[2.9802322387695312e-08, -0.0066765910014510155, 0.0, 0.0, 0.0, 0.0, 1.0]",0.6000000238418579,6,5,343,8
"[0.24559929966926575, -0.11121637374162674, 0.0, 0.0, 0.0, 0.0, 0.0, 0.0]","[-0.06559351086616516, 0.03630736470222473, 0.0, 0.0, 0.0, 0.0, 1.0]",0.10000000149011612,3,25,308,29
"[0.2589923143386841, 0.20192106068134308, 0.0, 0.0, 0.0, 0.0, 0.0, 0.0]","[0.020454764366149902, -0.02423226833343506, 0.0, 0.0, 0.0, 0.0, 1.0]",0.5,6,10,38,25
"[0.4445880353450775, -0.12305895239114761, 0.0, 0.0, 0.0, 0.0, 0.0, 0.0]","[-1.8090009689331055e-05, -0.053577274084091187, 0.0, 0.0, 0.0, 0.0, 1.0]",0.6000000238418579,1,3,229,10
"[0.32608580589294434, 0.03893693909049034, 0.0, 0.0, 0.0, 0.0, 0.0, 0.0]","[-0.021885216236114502, -0.030831634998321533, 0.0, 0.0, 0.0, 0.0, 1.0]",0.30000001192092896,3,6,409,1
"[0.3603580892086029, -0.1424831598997116, 0.0, 0.0, 0.0, 0.0, 0.0, 0.0]","[-0.022631078958511353, 0.0214921236038208, 0.0, 0.0, 0.0, 0.0, 1.0]",0.800000011920929,4,14,219,0
"[0.4960830807685852, 0.08255503326654434, 0.0, 0.0, 0.0, 0.0, 0.0, 0.0]","[0.039784908294677734, 0.009358949959278107, 0.0, 0.0, 0.0, 0.0, 1.0]",0.30000001192092896,26,25,390,20
"[0.5702964067459106, 0.23524732887744904, 0.0, 0.0, 0.0, 0.0, 0.0, 0.0]","[-0.0021833479404449463, -0.0667075589299202, 0.0, 0.0, 0.0, 0.0, 1.0]",0.6000000238418579,12,16,361,14
"[0.39287853240966797, 0.1453082412481308, 0.0, 0.0, 0.0, 0.0, 0.0, 0.0]","[0.009866714477539062, -0.010794773697853088, 0.0, 0.0, 0.0, 0.0, 1.0]",1.399999976158142,30,16,358,14
"[0.4829682409763336, -0.1263146996498108, 0.0, 0.0, 0.0, 0.0, 0.0, 0.0]","[-0.03791806101799011, -0.11969532072544098, 0.0, 0.0, 0.0, 0.0, 1.0]",0.800000011920929,8,23,155,23
"[0.5196202993392944, -0.0009068847866728902, 0.0, 0.0, 0.0, 0.0, 0.0, 0.0]","[-0.007911473512649536, 0.05686548352241516, 0.0, 0.0, 0.0, 0.0, 1.0]",2.0,10,9,12,1
"[0.2640511989593506, 0.26336967945098877, 0.0, 0.0, 0.0, 0.0, 0.0, 0.0]","[-0.00853651762008667, 0.009586304426193237, 0.0, 0.0, 0.0, 0.0, 1.0]",2.5999999046325684,10,17,382,10
"[0.27725598216056824, 0.01608663983643055, 0.0, 0.0, 0.0, 0.0, 0.0, 0.0]","[0.09843489527702332, -0.01917003095149994, 0.0, 0.0, 0.0, 0.0, 1.0]",1.0,7,15,200,26
"[0.2614046037197113, -0.13851326704025269, 0.0, 0.0, 0.0, 0.0, 0.0, 0.0]","[-0.04461053013801575, -0.04426896572113037, 0.0, 0.0, 0.0, 0.0, 1.0]",2.5,3,0,326,29
"[0.2881341874599457, 0.32222282886505127, 0.0, 0.0, 0.0, 0.0, 0.0, 0.0]","[-0.022160470485687256, -0.03399006277322769, 0.0, 0.0, 0.0, 0.0, 1.0]",3.5,9,24,24,24
"[0.41713935136795044, -0.17239077389240265, 0.0, 0.0, 0.0, 0.0, 0.0, 0.0]","[5.841255187988281e-06, 0.04396386072039604, 0.0, 0.0, 0.0, 0.0, 1.0]",2.0999999046325684,4,10,162,1
"[0.4993404746055603, -0.1265944093465805, 0.0, 0.0, 0.0, 0.0, 0.0, 0.0]","[-0.016799837350845337, 0.028166592121124268, 0.0, 0.0, 0.0, 0.0, 1.0]",2.299999952316284,9,12,347,11
"[0.40327179431915283, 0.1650002896785736, 0.0, 0.0, 0.0, 0.0, 0.0, 0.0]","[0.022004514932632446, -0.05372484028339386, 0.0, 0.0, 0.0, 0.0, 1.0]",0.10000000149011612,16,26,448,14
"[0.4830861985683441, 0.00770979281514883, 0.0, 0.0, 0.0, 0.0, 0.0, 0.0]","[0.007458418607711792, -0.021521389484405518, 0.0, 0.0, 0.0, 0.0, 1.0]",0.30000001192092896,11,12,362,25
"[0.27695325016975403, -0.047050364315509796, 0.0, 0.0, 0.0, 0.0, 0.0, 0.0]","[0.02823781967163086, 0.04277362674474716, 0.0, 0.0, 0.0, 0.0, 1.0]",0.6000000238418579,19,18,407,26
"[0.38072243332862854, 0.032324835658073425, 0.0, 0.0, 0.0, 0.0, 0.0, 0.0]","[0.0, 0.0, 0.0, 0.0, 0.0, 0.0, 1.0]",0.4000000059604645,4,5,380,1
"[0.4808632731437683, 0.012738890945911407, 0.0, 0.0, 0.0, 0.0, 0.0, 0.0]","[0.0141696035861969, 0.010220177471637726, 0.0, 0.0, 0.0, 0.0, 1.0]",0.8999999761581421,7,29,279,17
"[0.39934486150741577, -0.2920142114162445, 0.0, 0.0, 0.0, 0.0, 0.0, 0.0]","[0.020855963230133057, 7.450580596923828e-07, 0.0, 0.0, 0.0, 0.0, 1.0]",0.20000000298023224,10,1,498,29
"[0.43779483437538147, -0.04081856831908226, 0.0, 0.0, 0.0, 0.0, 0.0, 0.0]","[0.0001487433910369873, 0.0023997724056243896, 0.0, 0.0, 0.0, 0.0, 1.0]",0.699999988079071,10,24,386,7
"[0.48639822006225586, -0.16237559914588928, 0.0, 0.0, 0.0, 0.0, 0.0, 0.0]","[-0.019208312034606934, -0.04795168340206146, 0.0, 0.0, 0.0, 0.0, 1.0]",0.8999999761581421,17,18,88,6
"[0.588354229927063, 0.24278543889522552, 0.0, 0.0, 0.0, 0.0, 0.0, 0.0]","[0.02912193536758423, 0.022925660014152527, 0.0, 0.0, 0.0, 0.0, 1.0]",0.5,2,12,77,13
"[0.4387364685535431, -0.06531093269586563, 0.0, 0.0, 0.0, 0.0, 0.0, 0.0]","[-0.023894399404525757, -0.0011115968227386475, 0.0, 0.0, 0.0, 0.0, 1.0]",1.600000023841858,15,12,228,2
"[0.2077019214630127, -0.11544006317853928, 0.0, 0.0, 0.0, 0.0, 0.0, 0.0]","[0.00016924738883972168, -0.0010284781455993652, 0.0, 0.0, 0.0, 0.0, 1.0]",3.5999999046325684,10,24,205,4
"[0.3230195641517639, 0.042716264724731445, 0.0, 0.0, 0.0, 0.0, 0.0, 0.0]","[0.0, 0.0, 0.0, 0.0, 0.0, 0.0, 1.0]",0.4000000059604645,6,19,321,7
"[0.4232236444950104, -0.10914437472820282, 0.0, 0.0, 0.0, 0.0, 0.0, 0.0]","[0.00115203857421875, 1.1920928955078125e-06, 0.0, 0.0, 0.0, 0.0, 1.0]",2.700000047683716,1,12,300,17
"[0.5221701860427856, 0.17321734130382538, 0.0, 0.0, 0.0, 0.0, 0.0, 0.0]","[-0.018030822277069092, 0.027906477451324463, 0.0, 0.0, 0.0, 0.0, 1.0]",0.10000000149011612,4,7,457,11
"[0.4245128631591797, 0.15169864892959595, 0.0, 0.0, 0.0, 0.0, 0.0, 0.0]","[-0.012177616357803345, -0.009664349257946014, 0.0, 0.0, 0.0, 0.0, 1.0]",0.5,12,18,121,1
"[0.33236047625541687, 0.0876617431640625, 0.0, 0.0, 0.0, 0.0, 0.0, 0.0]","[-0.010494768619537354, 0.0970117598772049, 0.0, 0.0, 0.0, 0.0, 1.0]",1.2999999523162842,5,20,278,0
"[0.3398364782333374, -0.16704076528549194, 0.0, 0.0, 0.0, 0.0, 0.0, 0.0]","[-0.022581100463867188, 0.012254953384399414, 0.0, 0.0, 0.0, 0.0, 1.0]",3.299999952316284,4,22,110,18
"[0.41882383823394775, -0.1303301751613617, 0.0, 0.0, 0.0, 0.0, 0.0, 0.0]","[-0.0020066797733306885, -0.062388598918914795, 0.0, 0.0, 0.0, 0.0, 1.0]",0.800000011920929,11,20,404,25
"[0.5204104781150818, 0.010656316764652729, 0.0, 0.0, 0.0, 0.0, 0.0, 0.0]","[0.0005277097225189209, 0.04605315625667572, 0.0, 0.0, 0.0, 0.0, 1.0]",0.4000000059604645,1,6,314,18
"[0.5043848156929016, 0.06062810495495796, 0.0, 0.0, 0.0, 0.0, 0.0, 0.0]","[0.009462356567382812, -0.03455504775047302, 0.0, 0.0, 0.0, 0.0, 1.0]",0.10000000149011612,6,18,132,22
"[0.259097158908844, 0.10767526924610138, 0.0, 0.0, 0.0, 0.0, 0.0, 0.0]","[0.0007192790508270264, -0.02594684809446335, 0.0, 0.0, 0.0, 0.0, 1.0]",0.30000001192092896,4,2,251,27
"[0.21284784376621246, -0.14132224023342133, 0.0, 0.0, 0.0, 0.0, 0.0, 0.0]","[0.0032135844230651855, -0.02273230254650116, 0.0, 0.0, 0.0, 0.0, 1.0]",1.100000023841858,15,0,442,21
"[0.44449344277381897, 0.27960583567619324, 0.0, 0.0, 0.0, 0.0, 0.0, 0.0]","[-0.053820520639419556, -0.10199107229709625, 0.0, 0.0, 0.0, 0.0, 1.0]",0.8999999761581421,1,20,310,17
"[0.44529691338539124, 0.16413119435310364, 0.0, 0.0, 0.0, 0.0, 0.0, 0.0]","[-0.004952430725097656, -0.02559070475399494, 0.0, 0.0, 0.0, 0.0, 1.0]",0.20000000298023224,0,7,432,24
"[0.42146047949790955, -0.11383242160081863, 0.0, 0.0, 0.0, 0.0, 0.0, 0.0]","[0.010903805494308472, 0.06485886126756668, 0.0, 0.0, 0.0, 0.0, 1.0]",0.8999999761581421,11,18,443,12
"[0.548856258392334, 0.0746874213218689, 0.0, 0.0, 0.0, 0.0, 0.0, 0.0]","[0.006729692220687866, 0.03239569067955017, 0.0, 0.0, 0.0, 0.0, 1.0]",2.9000000953674316,9,13,119,25
"[0.4525667130947113, 0.1462114304304123, 0.0, 0.0, 0.0, 0.0, 0.0, 0.0]","[-0.0036222636699676514, -0.0707525759935379, 0.0, 0.0, 0.0, 0.0, 1.0]",0.4000000059604645,22,18,244,20
"[0.2920985817909241, -0.16514022648334503, 0.0, 0.0, 0.0, 0.0, 0.0, 0.0]","[-0.03662210702896118, -0.05983705818653107, 0.0, 0.0, 0.0, 0.0, 1.0]",1.899999976158142,7,23,28,18
"[0.2822457253932953, -0.1269644796848297, 0.0, 0.0, 0.0, 0.0, 0.0, 0.0]","[0.011044830083847046, 0.011666029691696167, 0.0, 0.0, 0.0, 0.0, 1.0]",3.0999999046325684,13,28,151,5
"[0.40283477306365967, -0.1311827003955841, 0.0, 0.0, 0.0, 0.0, 0.0, 0.0]","[-0.016725480556488037, 0.1166878342628479, 0.0, 0.0, 0.0, 0.0, 1.0]",2.799999952316284,33,18,167,3
"[0.44666457176208496, -0.17714285850524902, 0.0, 0.0, 0.0, 0.0, 0.0, 0.0]","[-0.023063212633132935, -0.028579629957675934, 0.0, 0.0, 0.0, 0.0, 1.0]",1.399999976158142,22,3,148,20
"[0.4792797863483429, 0.15186716616153717, 0.0, 0.0, 0.0, 0.0, 0.0, 0.0]","[0.03853878378868103, -0.001016080379486084, 0.0, 0.0, 0.0, 0.0, 1.0]",1.100000023841858,8,1,433,14
"[0.2462007701396942, -0.08194996416568756, 0.0, 0.0, 0.0, 0.0, 0.0, 0.0]","[0.00222739577293396, 0.029109004884958267, 0.0, 0.0, 0.0, 0.0, 1.0]",0.0,18,3,325,5
"[0.5103349685668945, -0.02444511651992798, 0.0, 0.0, 0.0, 0.0, 0.0, 0.0]","[-0.02417933940887451, -0.00820930302143097, 0.0, 0.0, 0.0, 0.0, 1.0]",1.100000023841858,7,1,172,9
"[0.3799015283584595, 0.035235535353422165, 0.0, 0.0, 0.0, 0.0, 0.0, 0.0]","[-5.373358726501465e-05, 0.011882051825523376, 0.0, 0.0, 0.0, 0.0, 1.0]",1.100000023841858,8,6,287,14
"[0.34453707933425903, 0.23088756203651428, 0.0, 0.0, 0.0, 0.0, 0.0, 0.0]","[-0.0011342763900756836, -0.015580549836158752, 0.0, 0.0, 0.0, 0.0, 1.0]",0.6000000238418579,9,4,96,8
"[0.2606101930141449, -0.07237908244132996, 0.0, 0.0, 0.0, 0.0, 0.0, 0.0]","[-0.003240838646888733, -0.06480445712804794, 0.0, 0.0, 0.0, 0.0, 1.0]",0.800000011920929,0,7,364,7
"[0.575161874294281, 0.22806715965270996, 0.0, 0.0, 0.0, 0.0, 0.0, 0.0]","[-5.066394805908203e-07, -0.003962129354476929, 0.0, 0.0, 0.0, 0.0, 1.0]",0.5,12,17,412,6
"[0.42938312888145447, 0.0028546927496790886, 0.0, 0.0, 0.0, 0.0, 0.0, 0.0]","[0.0013117492198944092, -0.06247127056121826, 0.0, 0.0, 0.0, 0.0, 1.0]",0.5,18,14,106,27
"[0.42246997356414795, -0.30403614044189453, 0.0, 0.0, 0.0, 0.0, 0.0, 0.0]","[-0.002346724271774292, -1.7434358596801758e-06, 0.0, 0.0, 0.0, 0.0, 1.0]",0.6000000238418579,10,14,379,15
"[0.43176472187042236, -0.07403676956892014, 0.0, 0.0, 0.0, 0.0, 0.0, 0.0]","[0.04279789328575134, 0.05343783646821976, 0.0, 0.0, 0.0, 0.0, 1.0]",0.800000011920929,2,5,397,9
"[0.49552586674690247, -0.09539341181516647, 0.0, 0.0, 0.0, 0.0, 0.0, 0.0]","[0.04795032739639282, -0.014716193079948425, 0.0, 0.0, 0.0, 0.0, 1.0]",0.699999988079071,17,1,371,20
"[0.32260116934776306, -0.24584564566612244, 0.0, 0.0, 0.0, 0.0, 0.0, 0.0]","[-5.2481889724731445e-05, -2.462416887283325e-06, 0.0, 0.0, 0.0, 0.0, 1.0]",2.200000047683716,0,18,138,14
"[0.42146140336990356, -0.1391945332288742, 0.0, 0.0, 0.0, 0.0, 0.0, 0.0]","[4.9680471420288086e-05, 0.009703785181045532, 0.0, 0.0, 0.0, 0.0, 1.0]",1.899999976158142,10,27,261,20
"[0.34882357716560364, -0.24484871327877045, 0.0, 0.0, 0.0, 0.0, 0.0, 0.0]","[-3.874301910400391e-06, 0.039532098919153214, 0.0, 0.0, 0.0, 0.0, 1.0]",0.5,1,0,100,25
"[0.3473677933216095, 0.2125566005706787, 0.0, 0.0, 0.0, 0.0, 0.0, 0.0]","[1.3709068298339844e-06, 0.031526803970336914, 0.0, 0.0, 0.0, 0.0, 1.0]",1.100000023841858,3,18,425,16
"[0.3975409269332886, -0.2678302526473999, 0.0, 0.0, 0.0, 0.0, 0.0, 0.0]","[0.0028260797262191772, 3.725290298461914e-07, 0.0, 0.0, 0.0, 0.0, 1.0]",2.0999999046325684,4,11,158,0
"[0.2707376182079315, 0.07104504853487015, 0.0, 0.0, 0.0, 0.0, 0.0, 0.0]","[-1.6182661056518555e-05, -0.04566410183906555, 0.0, 0.0, 0.0, 0.0, 1.0]",2.0999999046325684,21,14,125,20
"[0.4466237723827362, -0.2739746570587158, 0.0, 0.0, 0.0, 0.0, 0.0, 0.0]","[-0.005446821451187134, -0.03159263730049133, 0.0, 0.0, 0.0, 0.0, 1.0]",1.2000000476837158,14,24,367,0
"[0.28517261147499084, 0.022665783762931824, 0.0, 0.0, 0.0, 0.0, 0.0, 0.0]","[0.0018267631530761719, -0.08994747698307037, 0.0, 0.0, 0.0, 0.0, 1.0]",0.4000000059604645,35,7,135,5
"[0.25830867886543274, -0.057112887501716614, 0.0, 0.0, 0.0, 0.0, 0.0, 0.0]","[-8.821487426757812e-06, -0.020699962973594666, 0.0, 0.0, 0.0, 0.0, 1.0]",0.6000000238418579,6,1,211,23
"[0.4574502110481262, -0.1590118408203125, 0.0, 0.0, 0.0, 0.0, 0.0, 0.0]","[0.024785280227661133, 0.001437593251466751, 0.0, 0.0, 0.0, 0.0, 1.0]",1.2999999523162842,13,10,236,12
"[0.507469654083252, 0.012739303521811962, 0.0, 0.0, 0.0, 0.0, 0.0, 0.0]","[-0.0005381107330322266, 0.0016624033451080322, 0.0, 0.0, 0.0, 0.0, 1.0]",0.20000000298023224,3,3,214,23
"[0.33492451906204224, -0.20299042761325836, 0.0, 0.0, 0.0, 0.0, 0.0, 0.0]","[-0.03150704503059387, -0.10825178027153015, 0.0, 0.0, 0.0, 0.0, 1.0]",0.30000001192092896,11,24,18,24
"[0.4291633069515228, -0.19211778044700623, 0.0, 0.0, 0.0, 0.0, 0.0, 0.0]","[-0.0204068124294281, -0.021333914250135422, 0.0, 0.0, 0.0, 0.0, 1.0]",0.699999988079071,5,0,469,20
"[0.2797880470752716, -0.03390388563275337, 0.0, 0.0, 0.0, 0.0, 0.0, 0.0]","[-0.008088171482086182, -0.045760974287986755, 0.0, 0.0, 0.0, 0.0, 1.0]",0.30000001192092896,15,5,56,15
"[0.43802523612976074, -0.19171811640262604, 0.0, 0.0, 0.0, 0.0, 0.0, 0.0]","[-0.010465174913406372, 0.04110914468765259, 0.0, 0.0, 0.0, 0.0, 1.0]",3.0999999046325684,35,4,480,12
"[0.3511461615562439, 0.34486809372901917, 0.0, 0.0, 0.0, 0.0, 0.0, 0.0]","[0.042591214179992676, -0.10690861195325851, 0.0, 0.0, 0.0, 0.0, 1.0]",0.0,22,14,449,12
"[0.43825018405914307, 0.07450909167528152, 0.0, 0.0, 0.0, 0.0, 0.0, 0.0]","[-0.005497455596923828, -0.031491346657276154, 0.0, 0.0, 0.0, 0.0, 1.0]",0.30000001192092896,27,5,53,18
"[0.5613479018211365, 0.09789250791072845, 0.0, 0.0, 0.0, 0.0, 0.0, 0.0]","[0.0, 0.0, 0.0, 0.0, 0.0, 0.0, 1.0]",3.299999952316284,6,25,197,1
"[0.4443703591823578, 0.16559503972530365, 0.0, 0.0, 0.0, 0.0, 0.0, 0.0]","[0.11849525570869446, -0.012346729636192322, 0.0, 0.0, 0.0, 0.0, 1.0]",0.4000000059604645,17,3,403,3
"[0.2687774896621704, -0.05707859620451927, 0.0, 0.0, 0.0, 0.0, 0.0, 0.0]","[-0.011325567960739136, 0.026482969522476196, 0.0, 0.0, 0.0, 0.0, 1.0]",0.6000000238418579,24,18,288,6
"[0.35929858684539795, 0.14583320915699005, 0.0, 0.0, 0.0, 0.0, 0.0, 0.0]","[0.05665227770805359, -0.004404708743095398, 0.0, 0.0, 0.0, 0.0, 1.0]",2.200000047683716,18,18,259,1
"[0.5405774712562561, -0.12659431993961334, 0.0, 0.0, 0.0, 0.0, 0.0, 0.0]","[-0.010231465101242065, 0.03602641820907593, 0.0, 0.0, 0.0, 0.0, 1.0]",1.399999976158142,10,2,267,2
"[0.2952556908130646, -0.06019202992320061, 0.0, 0.0, 0.0, 0.0, 0.0, 0.0]","[0.036073505878448486, 0.025435179471969604, 0.0, 0.0, 0.0, 0.0, 1.0]",0.0,17,21,107,25
"[0.35820382833480835, -0.15625759959220886, 0.0, 0.0, 0.0, 0.0, 0.0, 0.0]","[-0.0037245750427246094, 0.04202581197023392, 0.0, 0.0, 0.0, 0.0, 1.0]",0.10000000149011612,7,12,476,9
"[0.4685072898864746, -0.2146088033914566, 0.0, 0.0, 0.0, 0.0, 0.0, 0.0]","[-0.0006503462791442871, -0.013175588101148605, 0.0, 0.0, 0.0, 0.0, 1.0]",1.2999999523162842,8,28,143,10
"[0.3063964247703552, -0.22604860365390778, 0.0, 0.0, 0.0, 0.0, 0.0, 0.0]","[-0.162052720785141, -0.0204036645591259, 0.0, 0.0, 0.0, 0.0, 1.0]",0.20000000298023224,14,10,265,19
"[0.41882389783859253, -0.13028237223625183, 0.0, 0.0, 0.0, 0.0, 0.0, 0.0]","[0.0, 0.0, 0.0, 0.0, 0.0, 0.0, 1.0]",2.0,22,5,452,6
"[0.48649972677230835, 0.23113256692886353, 0.0, 0.0, 0.0, 0.0, 0.0, 0.0]","[0.01044386625289917, 0.10488904267549515, 0.0, 0.0, 0.0, 0.0, 1.0]",0.10000000149011612,7,5,491,5
"[0.3875461220741272, -0.260899156332016, 0.0, 0.0, 0.0, 0.0, 0.0, 0.0]","[-0.016132265329360962, -0.0015547703951597214, 0.0, 0.0, 0.0, 0.0, 1.0]",0.10000000149011612,8,11,184,20
"[0.31316477060317993, -0.15523387491703033, 0.0, 0.0, 0.0, 0.0, 0.0, 0.0]","[0.014819055795669556, 0.0037602651864290237, 0.0, 0.0, 0.0, 0.0, 1.0]",0.6000000238418579,3,7,377,15
"[0.4584429860115051, 0.22756356000900269, 0.0, 0.0, 0.0, 0.0, 0.0, 0.0]","[0.03204789757728577, 0.04035849869251251, 0.0, 0.0, 0.0, 0.0, 1.0]",1.100000023841858,21,16,323,22
"[0.3389105796813965, -0.17225004732608795, 0.0, 0.0, 0.0, 0.0, 0.0, 0.0]","[1.9073486328125e-06, -0.02162117138504982, 0.0, 0.0, 0.0, 0.0, 1.0]",1.600000023841858,1,25,6,16
"[0.3661719262599945, -0.04436749964952469, 0.0, 0.0, 0.0, 0.0, 0.0, 0.0]","[-0.02522212266921997, -0.07343966513872147, 0.0, 0.0, 0.0, 0.0, 1.0]",0.10000000149011612,10,15,48,14
"[0.30968719720840454, 0.1848278045654297, 0.0, 0.0, 0.0, 0.0, 0.0, 0.0]","[-0.002504900097846985, -0.07886263728141785, 0.0, 0.0, 0.0, 0.0, 1.0]",0.4000000059604645,3,5,201,1
"[0.25666388869285583, -0.08194940537214279, 0.0, 0.0, 0.0, 0.0, 0.0, 0.0]","[-0.01970246434211731, 0.0022098496556282043, 0.0, 0.0, 0.0, 0.0, 1.0]",0.30000001192092896,6,26,482,18
"[0.47049155831336975, -0.055340636521577835, 0.0, 0.0, 0.0, 0.0, 0.0, 0.0]","[0.0366826057434082, 0.0243166983127594, 0.0, 0.0, 0.0, 0.0, 1.0]",0.30000001192092896,22,14,39,2
"[0.6084742546081543, 0.13210298120975494, 0.0, 0.0, 0.0, 0.0, 0.0, 0.0]","[-0.006105512380599976, 0.0017026811838150024, 0.0, 0.0, 0.0, 0.0, 1.0]",0.699999988079071,10,7,92,9
"[0.27278581261634827, -0.04840010777115822, 0.0, 0.0, 0.0, 0.0, 0.0, 0.0]","[0.00029844045639038086, -0.02897477336227894, 0.0, 0.0, 0.0, 0.0, 1.0]",0.4000000059604645,11,10,305,12
"[0.5278841257095337, -0.059994153678417206, 0.0, 0.0, 0.0, 0.0, 0.0, 0.0]","[-0.004324883222579956, 0.03753339499235153, 0.0, 0.0, 0.0, 0.0, 1.0]",2.700000047683716,19,11,74,16
"[0.4670241177082062, -0.09183661639690399, 0.0, 0.0, 0.0, 0.0, 0.0, 0.0]","[0.034519702196121216, 0.1229705810546875, 0.0, 0.0, 0.0, 0.0, 1.0]",0.5,0,25,94,5
"[0.36989128589630127, 0.11133339256048203, 0.0, 0.0, 0.0, 0.0, 0.0, 0.0]","[-0.05130738019943237, -0.009149231016635895, 0.0, 0.0, 0.0, 0.0, 1.0]",0.4000000059604645,8,9,128,10
"[0.3246081471443176, -0.21318645775318146, 0.0, 0.0, 0.0, 0.0, 0.0, 0.0]","[0.005548417568206787, -0.034803055226802826, 0.0, 0.0, 0.0, 0.0, 1.0]",3.0,6,8,243,11
"[0.40054595470428467, -0.21592725813388824, 0.0, 0.0, 0.0, 0.0, 0.0, 0.0]","[-1.4007091522216797e-06, -0.012324501760303974, 0.0, 0.0, 0.0, 0.0, 1.0]",0.6000000238418579,15,25,118,0
"[0.3619408905506134, -0.03574817627668381, 0.0, 0.0, 0.0, 0.0, 0.0, 0.0]","[0.0011149346828460693, -1.7210841178894043e-06, 0.0, 0.0, 0.0, 0.0, 1.0]",0.10000000149011612,2,8,234,26
"[0.29737380146980286, 0.057376932352781296, 0.0, 0.0, 0.0, 0.0, 0.0, 0.0]","[-6.079673767089844e-06, -0.019477812573313713, 0.0, 0.0, 0.0, 0.0, 1.0]",0.0,4,10,396,14
"[0.26722121238708496, 0.07621152698993683, 0.0, 0.0, 0.0, 0.0, 0.0, 0.0]","[0.0075826942920684814, -0.02099301666021347, 0.0, 0.0, 0.0, 0.0, 1.0]",1.2999999523162842,16,11,76,3
"[0.30155083537101746, -0.1173718199133873, 0.0, 0.0, 0.0, 0.0, 0.0, 0.0]","[-0.008350789546966553, -0.052930571138858795, 0.0, 0.0, 0.0, 0.0, 1.0]",1.100000023841858,1,28,319,12
"[0.39044204354286194, -0.29095664620399475, 0.0, 0.0, 0.0, 0.0, 0.0, 0.0]","[1.4901161193847656e-07, 0.00014556944370269775, 0.0, 0.0, 0.0, 0.0, 1.0]",1.7000000476837158,1,20,150,22
"[0.4215180277824402, -0.25297436118125916, 0.0, 0.0, 0.0, 0.0, 0.0, 0.0]","[-0.07096165418624878, -0.029548339545726776, 0.0, 0.0, 0.0, 0.0, 1.0]",0.6000000238418579,8,7,465,18
"[0.39898598194122314, -0.19754688441753387, 0.0, 0.0, 0.0, 0.0, 0.0, 0.0]","[0.04402655363082886, 0.029854483902454376, 0.0, 0.0, 0.0, 0.0, 1.0]",0.5,8,25,271,5
"[0.4148716628551483, -0.17351782321929932, 0.0, 0.0, 0.0, 0.0, 0.0, 0.0]","[-0.014965802431106567, 0.05184949189424515, 0.0, 0.0, 0.0, 0.0, 1.0]",2.9000000953674316,12,5,351,10
"[0.37316739559173584, 0.09849175065755844, 0.0, 0.0, 0.0, 0.0, 0.0, 0.0]","[-0.001207977533340454, 0.03295561671257019, 0.0, 0.0, 0.0, 0.0, 1.0]",1.0,5,14,256,16
"[0.4654647707939148, -0.06125396862626076, 0.0, 0.0, 0.0, 0.0, 0.0, 0.0]","[0.032210469245910645, 0.001537024974822998, 0.0, 0.0, 0.0, 0.0, 1.0]",0.4000000059604645,20,17,372,23
"[0.26711568236351013, -0.0034090972039848566, 0.0, 0.0, 0.0, 0.0, 0.0, 0.0]","[0.014797210693359375, -0.01767045259475708, 0.0, 0.0, 0.0, 0.0, 1.0]",1.0,0,7,334,6
"[0.353721022605896, 0.07140661776065826, 0.0, 0.0, 0.0, 0.0, 0.0, 0.0]","[0.0, 0.0, 0.0, 0.0, 0.0, 0.0, 1.0]",1.5,7,14,212,5
"[0.3846503496170044, -0.25667455792427063, 0.0, 0.0, 0.0, 0.0, 0.0, 0.0]","[0.0, 0.0, 0.0, 0.0, 0.0, 0.0, 1.0]",0.4000000059604645,31,0,117,22
"[0.27507564425468445, -0.0562748908996582, 0.0, 0.0, 0.0, 0.0, 0.0, 0.0]","[-0.0022412240505218506, -0.020791247487068176, 0.0, 0.0, 0.0, 0.0, 1.0]",0.800000011920929,9,21,191,17
"[0.2845519483089447, 0.003139590146020055, 0.0, 0.0, 0.0, 0.0, 0.0, 0.0]","[-0.006780296564102173, 0.008134514093399048, 0.0, 0.0, 0.0, 0.0, 1.0]",1.899999976158142,5,2,301,10
"[0.5268705487251282, 0.22775648534297943, 0.0, 0.0, 0.0, 0.0, 0.0, 0.0]","[-5.960464477539063e-08, 0.002249494194984436, 0.0, 0.0, 0.0, 0.0, 1.0]",0.30000001192092896,26,6,496,20
"[0.25865575671195984, 0.20192064344882965, 0.0, 0.0, 0.0, 0.0, 0.0, 0.0]","[-0.009683370590209961, -0.021937809884548187, 0.0, 0.0, 0.0, 0.0, 1.0]",1.5,34,2,342,14
"[0.4074104130268097, -0.1917456090450287, 0.0, 0.0, 0.0, 0.0, 0.0, 0.0]","[0.06243821978569031, -0.011214450001716614, 0.0, 0.0, 0.0, 0.0, 1.0]",0.5,3,10,45,5
"[0.30453503131866455, -0.020268253982067108, 0.0, 0.0, 0.0, 0.0, 0.0, 0.0]","[0.0054174065589904785, -0.005775369703769684, 0.0, 0.0, 0.0, 0.0, 1.0]",0.10000000149011612,5,9,140,26
"[0.28517261147499084, 0.022665783762931824, 0.0, 0.0, 0.0, 0.0, 0.0, 0.0]","[-0.0318281352519989, 0.06215214356780052, 0.0, 0.0, 0.0, 0.0, 1.0]",1.0,2,12,99,3
"[0.5258525013923645, -0.1100451871752739, 0.0, 0.0, 0.0, 0.0, 0.0, 0.0]","[-0.02402225136756897, 0.03932950645685196, 0.0, 0.0, 0.0, 0.0, 1.0]",1.7999999523162842,2,13,69,1
"[0.3861120641231537, -0.053108759224414825, 0.0, 0.0, 0.0, 0.0, 0.0, 0.0]","[0.02643933892250061, -0.17204180359840393, 0.0, 0.0, 0.0, 0.0, 1.0]",1.7000000476837158,2,10,144,18
"[0.3322824537754059, -0.018277330324053764, 0.0, 0.0, 0.0, 0.0, 0.0, 0.0]","[-3.635883331298828e-06, -0.017969772219657898, 0.0, 0.0, 0.0, 0.0, 1.0]",0.6000000238418579,16,18,413,20
"[0.3316122889518738, 0.05098165571689606, 0.0, 0.0, 0.0, 0.0, 0.0, 0.0]","[0.01796245574951172, -0.04694071412086487, 0.0, 0.0, 0.0, 0.0, 1.0]",0.800000011920929,2,14,9,13
"[0.48565205931663513, 0.22240090370178223, 0.0, 0.0, 0.0, 0.0, 0.0, 0.0]","[0.0334661602973938, -0.08485709875822067, 0.0, 0.0, 0.0, 0.0, 1.0]",0.10000000149011612,14,12,494,12
"[0.48369359970092773, 0.2000531256198883, 0.0, 0.0, 0.0, 0.0, 0.0, 0.0]","[0.0028849244117736816, -0.018394440412521362, 0.0, 0.0, 0.0, 0.0, 1.0]",1.2000000476837158,0,20,369,14
"[0.40342041850090027, 0.16739985346794128, 0.0, 0.0, 0.0, 0.0, 0.0, 0.0]","[-3.2782554626464844e-07, -0.008780797012150288, 0.0, 0.0, 0.0, 0.0, 1.0]",2.0999999046325684,14,21,454,7
"[0.6041306257247925, 0.1409648358821869, 0.0, 0.0, 0.0, 0.0, 0.0, 0.0]","[0.031485944986343384, 0.0008560717105865479, 0.0, 0.0, 0.0, 0.0, 1.0]",0.0,15,15,169,21
"[0.4699573218822479, -0.12467675656080246, 0.0, 0.0, 0.0, 0.0, 0.0, 0.0]","[-0.0070760250091552734, -0.0503784604370594, 0.0, 0.0, 0.0, 0.0, 1.0]",1.2000000476837158,9,6,299,18
"[0.40943074226379395, 0.12429913878440857, 0.0, 0.0, 0.0, 0.0, 0.0, 0.0]","[0.0, 0.0, 0.0, 0.0, 0.0, 0.0, 1.0]",1.0,1,24,311,1
"[0.3780296742916107, 0.03232032060623169, 0.0, 0.0, 0.0, 0.0, 0.0, 0.0]","[-0.03125074505805969, 0.09434911608695984, 0.0, 0.0, 0.0, 0.0, 1.0]",1.2000000476837158,1,29,419,19
"[0.26097145676612854, -0.172169491648674, 0.0, 0.0, 0.0, 0.0, 0.0, 0.0]","[-0.03297257423400879, -0.10321788489818573, 0.0, 0.0, 0.0, 0.0, 1.0]",0.800000011920929,13,14,124,18
"[0.6128964424133301, 0.20676322281360626, 0.0, 0.0, 0.0, 0.0, 0.0, 0.0]","[-3.069639205932617e-06, 0.0038589537143707275, 0.0, 0.0, 0.0, 0.0, 1.0]",1.2999999523162842,11,6,489,5
"[0.4999459385871887, 0.09200205653905869, 0.0, 0.0, 0.0, 0.0, 0.0, 0.0]","[-0.023369014263153076, -0.019717514514923096, 0.0, 0.0, 0.0, 0.0, 1.0]",3.4000000953674316,12,28,129,16
"[0.39271265268325806, 0.2134978324174881, 0.0, 0.0, 0.0, 0.0, 0.0, 0.0]","[-0.008092403411865234, -0.052704036235809326, 0.0, 0.0, 0.0, 0.0, 1.0]",2.299999952316284,4,22,52,24
"[0.2988252341747284, 0.1655115932226181, 0.0, 0.0, 0.0, 0.0, 0.0, 0.0]","[0.0013740062713623047, 0.009562090039253235, 0.0, 0.0, 0.0, 0.0, 1.0]",1.399999976158142,4,23,368,5
"[0.2711133658885956, -0.08325088024139404, 0.0, 0.0, 0.0, 0.0, 0.0, 0.0]","[-0.002583056688308716, 0.06179093196988106, 0.0, 0.0, 0.0, 0.0, 1.0]",0.10000000149011612,14,5,357,12
"[0.2859516441822052, -0.04225216433405876, 0.0, 0.0, 0.0, 0.0, 0.0, 0.0]","[-0.015219002962112427, 0.0027784351259469986, 0.0, 0.0, 0.0, 0.0, 1.0]",0.800000011920929,11,10,389,7
"[0.47371232509613037, -0.12896019220352173, 0.0, 0.0, 0.0, 0.0, 0.0, 0.0]","[2.2530555725097656e-05, -0.03141225874423981, 0.0, 0.0, 0.0, 0.0, 1.0]",1.0,26,20,327,5
"[0.4715360999107361, 0.23539911210536957, 0.0, 0.0, 0.0, 0.0, 0.0, 0.0]","[2.205371856689453e-06, -0.014561325311660767, 0.0, 0.0, 0.0, 0.0, 1.0]",0.800000011920929,5,14,55,20
"[0.3763418197631836, 0.34534069895744324, 0.0, 0.0, 0.0, 0.0, 0.0, 0.0]","[0.03172951936721802, -0.0011873245239257812, 0.0, 0.0, 0.0, 0.0, 1.0]",0.5,23,18,354,12
"[0.429401159286499, 0.08382045477628708, 0.0, 0.0, 0.0, 0.0, 0.0, 0.0]","[-0.06567877531051636, -0.00801338255405426, 0.0, 0.0, 0.0, 0.0, 1.0]",0.699999988079071,13,1,139,28
"[0.25075387954711914, -0.04551422968506813, 0.0, 0.0, 0.0, 0.0, 0.0, 0.0]","[-0.009325534105300903, 0.07020732760429382, 0.0, 0.0, 0.0, 0.0, 1.0]",0.4000000059604645,19,27,370,23
"[0.5238723754882812, 0.2643568515777588, 0.0, 0.0, 0.0, 0.0, 0.0, 0.0]","[0.030609726905822754, 0.030147626996040344, 0.0, 0.0, 0.0, 0.0, 1.0]",0.20000000298023224,29,17,185,24
"[0.38093283772468567, -0.11508388072252274, 0.0, 0.0, 0.0, 0.0, 0.0, 0.0]","[-0.0012647807598114014, 0.02801523357629776, 0.0, 0.0, 0.0, 0.0, 1.0]",2.5,4,14,273,0
"[0.38175123929977417, 0.07114673405885696, 0.0, 0.0, 0.0, 0.0, 0.0, 0.0]","[-0.037518084049224854, -0.02383667230606079, 0.0, 0.0, 0.0, 0.0, 1.0]",2.5999999046325684,5,29,188,28
"[0.5138061046600342, 0.1106097549200058, 0.0, 0.0, 0.0, 0.0, 0.0, 0.0]","[0.017567813396453857, 0.014666557312011719, 0.0, 0.0, 0.0, 0.0, 1.0]",1.7999999523162842,9,0,490,18
"[0.41683700680732727, 0.04740583524107933, 0.0, 0.0, 0.0, 0.0, 0.0, 0.0]","[-0.027588069438934326, -2.530217170715332e-05, 0.0, 0.0, 0.0, 0.0, 1.0]",0.20000000298023224,5,6,304,5
"[0.3652718961238861, -0.07393282651901245, 0.0, 0.0, 0.0, 0.0, 0.0, 0.0]","[-0.013345777988433838, -0.06424207985401154, 0.0, 0.0, 0.0, 0.0, 1.0]",1.2999999523162842,13,20,296,23
"[0.5100210309028625, -0.059856969863176346, 0.0, 0.0, 0.0, 0.0, 0.0, 0.0]","[0.006423056125640869, -0.04887962341308594, 0.0, 0.0, 0.0, 0.0, 1.0]",0.4000000059604645,21,29,392,10
"[0.42156460881233215, -0.15411876142024994, 0.0, 0.0, 0.0, 0.0, 0.0, 0.0]","[-0.027510762214660645, -0.008114323019981384, 0.0, 0.0, 0.0, 0.0, 1.0]",0.6000000238418579,7,10,37,9
"[0.449562132358551, -0.24869681894779205, 0.0, 0.0, 0.0, 0.0, 0.0, 0.0]","[-0.011824429035186768, -0.027874082326889038, 0.0, 0.0, 0.0, 0.0, 1.0]",0.699999988079071,25,8,387,11
"[0.4286009669303894, -0.1696416139602661, 0.0, 0.0, 0.0, 0.0, 0.0, 0.0]","[0.013667136430740356, 0.06672075390815735, 0.0, 0.0, 0.0, 0.0, 1.0]",0.6000000238418579,6,26,30,10
"[0.35833001136779785, 0.12598130106925964, 0.0, 0.0, 0.0, 0.0, 0.0, 0.0]","[0.0, 0.0, 0.0, 0.0, 0.0, 0.0, 1.0]",1.2000000476837158,5,1,324,27
"[0.351170152425766, 0.07809805124998093, 0.0, 0.0, 0.0, 0.0, 0.0, 0.0]","[-0.02746906876564026, 0.014430847018957138, 0.0, 0.0, 0.0, 0.0, 1.0]",0.8999999761581421,17,18,339,19
"[0.42615005373954773, -0.08180262893438339, 0.0, 0.0, 0.0, 0.0, 0.0, 0.0]","[0.0, 0.0, 0.0, 0.0, 0.0, 0.0, 1.0]",0.4000000059604645,29,16,477,22
"[0.32759374380111694, 0.019818803295493126, 0.0, 0.0, 0.0, 0.0, 0.0, 0.0]","[0.05330723524093628, -0.03673622012138367, 0.0, 0.0, 0.0, 0.0, 1.0]",0.0,2,29,262,23
"[0.5224805474281311, 0.09380948543548584, 0.0, 0.0, 0.0, 0.0, 0.0, 0.0]","[-0.011853456497192383, -0.039741840213537216, 0.0, 0.0, 0.0, 0.0, 1.0]",2.5999999046325684,1,18,239,0
"[0.4136340618133545, -0.14870473742485046, 0.0, 0.0, 0.0, 0.0, 0.0, 0.0]","[-0.0008857250213623047, 0.006702188402414322, 0.0, 0.0, 0.0, 0.0, 1.0]",0.0,3,14,422,25
"[0.3976728916168213, 0.1337265521287918, 0.0, 0.0, 0.0, 0.0, 0.0, 0.0]","[-2.9474496841430664e-05, 0.05959317088127136, 0.0, 0.0, 0.0, 0.0, 1.0]",0.5,8,27,346,5
"[0.38192224502563477, 0.16280525922775269, 0.0, 0.0, 0.0, 0.0, 0.0, 0.0]","[0.03277745842933655, 0.01786847412586212, 0.0, 0.0, 0.0, 0.0, 1.0]",0.0,11,6,424,7
"[0.46657711267471313, 0.04264790564775467, 0.0, 0.0, 0.0, 0.0, 0.0, 0.0]","[0.006389588117599487, 0.04534762352705002, 0.0, 0.0, 0.0, 0.0, 1.0]",0.800000011920929,9,19,58,7
"[0.3971703350543976, 0.052644841372966766, 0.0, 0.0, 0.0, 0.0, 0.0, 0.0]","[0.030833899974822998, 0.10260352492332458, 0.0, 0.0, 0.0, 0.0, 1.0]",0.0,13,5,61,14
"[0.5049923658370972, 0.11161717027425766, 0.0, 0.0, 0.0, 0.0, 0.0, 0.0]","[-0.020129680633544922, -0.12452038377523422, 0.0, 0.0, 0.0, 0.0, 1.0]",1.5,20,21,456,12
"[0.22049923241138458, 0.08201521635055542, 0.0, 0.0, 0.0, 0.0, 0.0, 0.0]","[0.06050610542297363, -0.009344369173049927, 0.0, 0.0, 0.0, 0.0, 1.0]",0.800000011920929,7,14,31,29
"[0.37767988443374634, 0.20385295152664185, 0.0, 0.0, 0.0, 0.0, 0.0, 0.0]","[-0.04449373483657837, -0.07697191834449768, 0.0, 0.0, 0.0, 0.0, 1.0]",1.100000023841858,3,24,318,10
"[0.5035670399665833, -0.06881033629179001, 0.0, 0.0, 0.0, 0.0, 0.0, 0.0]","[0.03353521227836609, 0.018069908022880554, 0.0, 0.0, 0.0, 0.0, 1.0]",0.4000000059604645,2,1,203,13
"[0.43694835901260376, 0.07447251677513123, 0.0, 0.0, 0.0, 0.0, 0.0, 0.0]","[-0.021820545196533203, -0.08895021677017212, 0.0, 0.0, 0.0, 0.0, 1.0]",1.2999999523162842,18,0,260,1
"[0.28079551458358765, -0.20719590783119202, 0.0, 0.0, 0.0, 0.0, 0.0, 0.0]","[0.0355241596698761, -0.006736770272254944, 0.0, 0.0, 0.0, 0.0, 1.0]",3.200000047683716,7,25,492,21
"[0.34130528569221497, -0.20223259925842285, 0.0, 0.0, 0.0, 0.0, 0.0, 0.0]","[0.009324491024017334, -0.02718144655227661, 0.0, 0.0, 0.0, 0.0, 1.0]",0.8999999761581421,0,18,431,3
"[0.327601820230484, 0.04784110561013222, 0.0, 0.0, 0.0, 0.0, 0.0, 0.0]","[-0.00021943449974060059, 0.008935093879699707, 0.0, 0.0, 0.0, 0.0, 1.0]",0.0,11,14,83,18
"[0.39762914180755615, -0.24467867612838745, 0.0, 0.0, 0.0, 0.0, 0.0, 0.0]","[0.009635388851165771, 0.021661221981048584, 0.0, 0.0, 0.0, 0.0, 1.0]",2.5,11,10,35,3
"[0.456449031829834, 0.010607065632939339, 0.0, 0.0, 0.0, 0.0, 0.0, 0.0]","[0.021221190690994263, 0.04543422907590866, 0.0, 0.0, 0.0, 0.0, 1.0]",0.20000000298023224,1,5,72,23
"[0.2312697470188141, 0.18832136690616608, 0.0, 0.0, 0.0, 0.0, 0.0, 0.0]","[-4.082918167114258e-06, 0.006757289171218872, 0.0, 0.0, 0.0, 0.0, 1.0]",0.0,2,29,29,19
"[0.3483657240867615, 0.17510849237442017, 0.0, 0.0, 0.0, 0.0, 0.0, 0.0]","[0.016994327306747437, -0.010136514902114868, 0.0, 0.0, 0.0, 0.0, 1.0]",1.600000023841858,16,21,281,2
"[0.5342105627059937, 0.09531883895397186, 0.0, 0.0, 0.0, 0.0, 0.0, 0.0]","[-0.06320890784263611, -0.0004532579332590103, 0.0, 0.0, 0.0, 0.0, 1.0]",3.5,4,11,220,4
"[0.6066329479217529, 0.04284128546714783, 0.0, 0.0, 0.0, 0.0, 0.0, 0.0]","[0.020063430070877075, 0.03712214529514313, 0.0, 0.0, 0.0, 0.0, 1.0]",2.5999999046325684,11,22,374,26
"[0.4737168550491333, -0.15238511562347412, 0.0, 0.0, 0.0, 0.0, 0.0, 0.0]","[0.0005969703197479248, 0.0033755344338715076, 0.0, 0.0, 0.0, 0.0, 1.0]",0.5,32,16,16,0
"[0.4865049719810486, 0.23635992407798767, 0.0, 0.0, 0.0, 0.0, 0.0, 0.0]","[-0.009026110172271729, -0.00010457634925842285, 0.0, 0.0, 0.0, 0.0, 1.0]",0.4000000059604645,1,17,97,25
"[0.2720196843147278, 0.30339479446411133, 0.0, 0.0, 0.0, 0.0, 0.0, 0.0]","[-0.02265271544456482, -0.05629462003707886, 0.0, 0.0, 0.0, 0.0, 1.0]",0.4000000059604645,0,0,166,21
"[0.513429582118988, 0.27883559465408325, 0.0, 0.0, 0.0, 0.0, 0.0, 0.0]","[-0.015162527561187744, -0.009462852030992508, 0.0, 0.0, 0.0, 0.0, 1.0]",0.0,7,7,204,27
"[0.42938530445098877, -0.04169090464711189, 0.0, 0.0, 0.0, 0.0, 0.0, 0.0]","[-0.026990562677383423, -0.02706422284245491, 0.0, 0.0, 0.0, 0.0, 1.0]",0.20000000298023224,8,6,36,14
"[0.32093653082847595, 0.09683848172426224, 0.0, 0.0, 0.0, 0.0, 0.0, 0.0]","[-0.0632038414478302, 0.003957659006118774, 0.0, 0.0, 0.0, 0.0, 1.0]",1.2000000476837158,5,20,254,21
"[0.42941367626190186, 0.12071982771158218, 0.0, 0.0, 0.0, 0.0, 0.0, 0.0]","[0.02124693989753723, -0.006289273500442505, 0.0, 0.0, 0.0, 0.0, 1.0]",0.6000000238418579,26,20,120,0
"[0.40180328488349915, -0.08179020136594772, 0.0, 0.0, 0.0, 0.0, 0.0, 0.0]","[-0.05997195839881897, 0.03265412896871567, 0.0, 0.0, 0.0, 0.0, 1.0]",1.2000000476837158,33,14,25,25
"[0.4594767391681671, -0.0039338236674666405, 0.0, 0.0, 0.0, 0.0, 0.0, 0.0]","[7.331371307373047e-06, -0.0684177428483963, 0.0, 0.0, 0.0, 0.0, 1.0]",0.0,0,20,345,19
"[0.4604222774505615, -0.13790678977966309, 0.0, 0.0, 0.0, 0.0, 0.0, 0.0]","[-0.03737178444862366, 0.02725498378276825, 0.0, 0.0, 0.0, 0.0, 1.0]",1.2999999523162842,11,14,444,17
"[0.25844207406044006, 0.25560569763183594, 0.0, 0.0, 0.0, 0.0, 0.0, 0.0]","[-0.0003910660743713379, -2.682209014892578e-06, 0.0, 0.0, 0.0, 0.0, 1.0]",0.5,8,22,313,15
"[0.4273774325847626, -0.14898258447647095, 0.0, 0.0, 0.0, 0.0, 0.0, 0.0]","[0.032005906105041504, -0.09414515644311905, 0.0, 0.0, 0.0, 0.0, 1.0]",0.699999988079071,16,20,302,16
"[0.37374526262283325, -0.21222488582134247, 0.0, 0.0, 0.0, 0.0, 0.0, 0.0]","[-0.001174330711364746, 0.017580881714820862, 0.0, 0.0, 0.0, 0.0, 1.0]",0.0,16,5,210,14
"[0.2731893062591553, -0.034288451075553894, 0.0, 0.0, 0.0, 0.0, 0.0, 0.0]","[0.010959267616271973, -0.012538731098175049, 0.0, 0.0, 0.0, 0.0, 1.0]",0.6000000238418579,15,27,225,0
"[0.3372988700866699, 0.18485306203365326, 0.0, 0.0, 0.0, 0.0, 0.0, 0.0]","[0.040061891078948975, 0.06897174566984177, 0.0, 0.0, 0.0, 0.0, 1.0]",1.100000023841858,0,18,439,9
"[0.5685288310050964, -0.06955862045288086, 0.0, 0.0, 0.0, 0.0, 0.0, 0.0]","[0.0014183521270751953, -0.0519447922706604, 0.0, 0.0, 0.0, 0.0, 1.0]",1.600000023841858,24,10,487,3
"[0.3332112431526184, 0.029786329716444016, 0.0, 0.0, 0.0, 0.0, 0.0, 0.0]","[-0.14632806181907654, -0.03196028247475624, 0.0, 0.0, 0.0, 0.0, 1.0]",0.30000001192092896,2,8,66,29
"[0.25762543082237244, 0.18183544278144836, 0.0, 0.0, 0.0, 0.0, 0.0, 0.0]","[-0.05682116746902466, 0.05910205841064453, 0.0, 0.0, 0.0, 0.0, 1.0]",1.399999976158142,2,6,378,1
"[0.43727800250053406, -0.08264137804508209, 0.0, 0.0, 0.0, 0.0, 0.0, 0.0]","[0.0006690323352813721, 0.035599932074546814, 0.0, 0.0, 0.0, 0.0, 1.0]",1.7000000476837158,7,12,245,10
"[0.38228991627693176, 0.11451956629753113, 0.0, 0.0, 0.0, 0.0, 0.0, 0.0]","[-0.002056419849395752, -0.0015568733215332031, 0.0, 0.0, 0.0, 0.0, 1.0]",1.399999976158142,0,21,247,16
"[0.558820366859436, 0.16298961639404297, 0.0, 0.0, 0.0, 0.0, 0.0, 0.0]","[0.0021513402462005615, 0.0045771002769470215, 0.0, 0.0, 0.0, 0.0, 1.0]",0.30000001192092896,5,12,8,19
"[0.2856775224208832, 0.025675443932414055, 0.0, 0.0, 0.0, 0.0, 0.0, 0.0]","[-0.0026930272579193115, -4.5299530029296875e-06, 0.0, 0.0, 0.0, 0.0, 1.0]",0.20000000298023224,20,13,156,21
"[0.3994429111480713, -0.03054652363061905, 0.0, 0.0, 0.0, 0.0, 0.0, 0.0]","[0.004049777984619141, 0.0015994831919670105, 0.0, 0.0, 0.0, 0.0, 1.0]",2.0999999046325684,16,4,181,10
"[0.5803019404411316, -0.12271913886070251, 0.0, 0.0, 0.0, 0.0, 0.0, 0.0]","[0.0016233623027801514, -0.004070103168487549, 0.0, 0.0, 0.0, 0.0, 1.0]",0.0,5,11,463,5
"[0.5993127226829529, 0.21073567867279053, 0.0, 0.0, 0.0, 0.0, 0.0, 0.0]","[-0.0003236830234527588, -0.09158738702535629, 0.0, 0.0, 0.0, 0.0, 1.0]",0.20000000298023224,3,12,115,22
"[0.24641378223896027, -0.08194996416568756, 0.0, 0.0, 0.0, 0.0, 0.0, 0.0]","[-0.0852491557598114, -0.043116386979818344, 0.0, 0.0, 0.0, 0.0, 1.0]",0.8999999761581421,36,26,401,25
"[0.3373729884624481, 0.34361523389816284, 0.0, 0.0, 0.0, 0.0, 0.0, 0.0]","[-0.047192394733428955, 0.01932321861386299, 0.0, 0.0, 0.0, 0.0, 1.0]",0.30000001192092896,0,23,136,8
"[0.4502294063568115, -0.12739719450473785, 0.0, 0.0, 0.0, 0.0, 0.0, 0.0]","[-0.08567410707473755, -0.08832891285419464, 0.0, 0.0, 0.0, 0.0, 1.0]",0.800000011920929,25,15,270,13
"[0.3984135389328003, -0.11241193860769272, 0.0, 0.0, 0.0, 0.0, 0.0, 0.0]","[0.02183881402015686, 0.0430331714451313, 0.0, 0.0, 0.0, 0.0, 1.0]",0.5,10,5,192,16
"[0.4737144410610199, -0.14105536043643951, 0.0, 0.0, 0.0, 0.0, 0.0, 0.0]","[0.010503679513931274, 0.010362684726715088, 0.0, 0.0, 0.0, 0.0, 1.0]",1.7000000476837158,10,25,13,18
"[0.24821333587169647, -0.10377339273691177, 0.0, 0.0, 0.0, 0.0, 0.0, 0.0]","[0.0, 0.0, 0.0, 0.0, 0.0, 0.0, 1.0]",1.0,7,2,145,13
"[0.32036715745925903, 0.21318691968917847, 0.0, 0.0, 0.0, 0.0, 0.0, 0.0]","[0.0, 0.0, 0.0, 0.0, 0.0, 0.0, 1.0]",0.8999999761581421,5,5,410,27
"[0.3054245710372925, -0.2555909752845764, 0.0, 0.0, 0.0, 0.0, 0.0, 0.0]","[-0.010590821504592896, -0.013218728825449944, 0.0, 0.0, 0.0, 0.0, 1.0]",1.100000023841858,1,24,168,26
"[0.45417821407318115, -0.07466138154268265, 0.0, 0.0, 0.0, 0.0, 0.0, 0.0]","[-0.038528770208358765, -0.005721062421798706, 0.0, 0.0, 0.0, 0.0, 1.0]",2.5999999046325684,20,0,81,0
"[0.3135204315185547, -0.1353873312473297, 0.0, 0.0, 0.0, 0.0, 0.0, 0.0]","[-0.023746401071548462, 0.0003555677831172943, 0.0, 0.0, 0.0, 0.0, 1.0]",0.20000000298023224,11,16,418,5
"[0.5651533007621765, 0.049206335097551346, 0.0, 0.0, 0.0, 0.0, 0.0, 0.0]","[-3.725290298461914e-06, 0.009558379650115967, 0.0, 0.0, 0.0, 0.0, 1.0]",1.2999999523162842,0,0,62,29
"[0.40577125549316406, 0.000286511261947453, 0.0, 0.0, 0.0, 0.0, 0.0, 0.0]","[-7.3909759521484375e-06, -0.08652287721633911, 0.0, 0.0, 0.0, 0.0, 1.0]",1.600000023841858,9,1,497,0
"[0.5484195947647095, 0.0576513335108757, 0.0, 0.0, 0.0, 0.0, 0.0, 0.0]","[-0.03439471125602722, -0.031157895922660828, 0.0, 0.0, 0.0, 0.0, 1.0]",1.100000023841858,4,20,199,5
"[0.32759666442871094, 0.03302676975727081, 0.0, 0.0, 0.0, 0.0, 0.0, 0.0]","[-0.0038905441761016846, 0.018777906894683838, 0.0, 0.0, 0.0, 0.0, 1.0]",1.7000000476837158,5,18,272,17
"[0.5642009973526001, 0.13243424892425537, 0.0, 0.0, 0.0, 0.0, 0.0, 0.0]","[-0.02527448534965515, 0.05167695879936218, 0.0, 0.0, 0.0, 0.0, 1.0]",2.4000000953674316,0,11,114,18
"[0.4814516007900238, 0.14409364759922028, 0.0, 0.0, 0.0, 0.0, 0.0, 0.0]","[0.0002792775630950928, 0.030313804745674133, 0.0, 0.0, 0.0, 0.0, 1.0]",0.0,6,2,464,20
"[0.41227248311042786, 0.11743437498807907, 0.0, 0.0, 0.0, 0.0, 0.0, 0.0]","[0.011046797037124634, 0.01104685664176941, 0.0, 0.0, 0.0, 0.0, 1.0]",0.5,6,5,222,16
"[0.5026257634162903, -0.17535287141799927, 0.0, 0.0, 0.0, 0.0, 0.0, 0.0]","[-0.0238267183303833, 0.03865112364292145, 0.0, 0.0, 0.0, 0.0, 1.0]",0.5,21,23,80,8
"[0.45001882314682007, 0.00019135847105644643, 0.0, 0.0, 0.0, 0.0, 0.0, 0.0]","[1.2248754501342773e-05, 0.036544013768434525, 0.0, 0.0, 0.0, 0.0, 1.0]",0.6000000238418579,9,14,123,27
"[0.38400402665138245, 0.0278017520904541, 0.0, 0.0, 0.0, 0.0, 0.0, 0.0]","[0.013563409447669983, 2.2351741790771484e-07, 0.0, 0.0, 0.0, 0.0, 1.0]",0.699999988079071,1,24,331,0
"[0.32563546299934387, 0.19436049461364746, 0.0, 0.0, 0.0, 0.0, 0.0, 0.0]","[0.012736648321151733, 0.001963462680578232, 0.0, 0.0, 0.0, 0.0, 1.0]",3.5,4,17,198,12
"[0.2878904640674591, -0.12097473442554474, 0.0, 0.0, 0.0, 0.0, 0.0, 0.0]","[0.015619635581970215, 0.000191420316696167, 0.0, 0.0, 0.0, 0.0, 1.0]",0.0,7,11,89,4
"[0.3805942237377167, 0.04298491030931473, 0.0, 0.0, 0.0, 0.0, 0.0, 0.0]","[0.017009049654006958, -0.08166563510894775, 0.0, 0.0, 0.0, 0.0, 1.0]",0.6000000238418579,8,19,427,25
"[0.48890528082847595, -0.10131069272756577, 0.0, 0.0, 0.0, 0.0, 0.0, 0.0]","[-0.022910714149475098, -0.11287403106689453, 0.0, 0.0, 0.0, 0.0, 1.0]",0.5,18,12,365,14
"[0.42156049609184265, -0.14532767236232758, 0.0, 0.0, 0.0, 0.0, 0.0, 0.0]","[0.03520366549491882, -0.06995058059692383, 0.0, 0.0, 0.0, 0.0, 1.0]",0.8999999761581421,5,21,176,4
"[0.4750954806804657, 0.12649890780448914, 0.0, 0.0, 0.0, 0.0, 0.0, 0.0]","[-0.015400514006614685, 0.00828234851360321, 0.0, 0.0, 0.0, 0.0, 1.0]",0.8999999761581421,9,29,165,16
"[0.4215908348560333, -0.16190165281295776, 0.0, 0.0, 0.0, 0.0, 0.0, 0.0]","[-0.06208062171936035, 3.337860107421875e-06, 0.0, 0.0, 0.0, 0.0, 1.0]",2.0,10,0,249,7
"[0.27156969904899597, -0.08546721935272217, 0.0, 0.0, 0.0, 0.0, 0.0, 0.0]","[0.0, 0.0, 0.0, 0.0, 0.0, 0.0, 1.0]",0.5,0,15,238,19
"[0.3332604765892029, 0.12652644515037537, 0.0, 0.0, 0.0, 0.0, 0.0, 0.0]","[-0.02628481388092041, 0.0004623681306838989, 0.0, 0.0, 0.0, 0.0, 1.0]",0.699999988079071,34,6,65,11
"[0.32118067145347595, 0.17159207165241241, 0.0, 0.0, 0.0, 0.0, 0.0, 0.0]","[0.041403383016586304, 0.027313534170389175, 0.0, 0.0, 0.0, 0.0, 1.0]",2.4000000953674316,20,28,232,3
"[0.4188249409198761, -0.1325099617242813, 0.0, 0.0, 0.0, 0.0, 0.0, 0.0]","[0.010372728109359741, 0.007851704955101013, 0.0, 0.0, 0.0, 0.0, 1.0]",0.10000000149011612,14,5,19,5
"[0.30920857191085815, -0.05189255625009537, 0.0, 0.0, 0.0, 0.0, 0.0, 0.0]","[0.0, 0.0, 0.0, 0.0, 0.0, 0.0, 1.0]",2.4000000953674316,4,8,252,10
"[0.4674440920352936, -0.04863368347287178, 0.0, 0.0, 0.0, 0.0, 0.0, 0.0]","[-0.07348909974098206, -0.07155157625675201, 0.0, 0.0, 0.0, 0.0, 1.0]",0.10000000149011612,28,20,84,5
"[0.3238137364387512, -0.0007889727130532265, 0.0, 0.0, 0.0, 0.0, 0.0, 0.0]","[-0.03947103023529053, 0.025944843888282776, 0.0, 0.0, 0.0, 0.0, 1.0]",0.10000000149011612,6,18,353,18
"[0.4486575126647949, -0.12477745860815048, 0.0, 0.0, 0.0, 0.0, 0.0, 0.0]","[-0.012251436710357666, -0.0064657703042030334, 0.0, 0.0, 0.0, 0.0, 1.0]",0.30000001192092896,7,22,355,2
"[0.4383354187011719, 0.2091301679611206, 0.0, 0.0, 0.0, 0.0, 0.0, 0.0]","[-1.6987323760986328e-06, 0.03844374418258667, 0.0, 0.0, 0.0, 0.0, 1.0]",2.0,21,1,297,18
"[0.24451233446598053, -0.1438838392496109, 0.0, 0.0, 0.0, 0.0, 0.0, 0.0]","[0.02278900146484375, -0.09657344967126846, 0.0, 0.0, 0.0, 0.0, 1.0]",0.0,6,14,328,14
"[0.42150241136550903, -0.20227396488189697, 0.0, 0.0, 0.0, 0.0, 0.0, 0.0]","[-1.1622905731201172e-06, 0.0022515952587127686, 0.0, 0.0, 0.0, 0.0, 1.0]",0.30000001192092896,10,14,359,18
"[0.47454923391342163, -0.08459622412919998, 0.0, 0.0, 0.0, 0.0, 0.0, 0.0]","[0.060772985219955444, -0.015230342745780945, 0.0, 0.0, 0.0, 0.0, 1.0]",2.200000047683716,21,14,348,8
"[0.3388974666595459, 0.11589012295007706, 0.0, 0.0, 0.0, 0.0, 0.0, 0.0]","[0.0, 0.0, 0.0, 0.0, 0.0, 0.0, 1.0]",1.2999999523162842,9,13,111,24
"[0.2565183639526367, -0.0453951358795166, 0.0, 0.0, 0.0, 0.0, 0.0, 0.0]","[0.03727400302886963, -0.0013950392603874207, 0.0, 0.0, 0.0, 0.0, 1.0]",1.399999976158142,11,25,154,5
"[0.33723190426826477, -0.13908514380455017, 0.0, 0.0, 0.0, 0.0, 0.0, 0.0]","[-0.01172611117362976, -0.027115732431411743, 0.0, 0.0, 0.0, 0.0, 1.0]",3.5999999046325684,8,27,104,11
"[0.388105571269989, -0.02346128784120083, 0.0, 0.0, 0.0, 0.0, 0.0, 0.0]","[-0.007795840501785278, 0.004020318388938904, 0.0, 0.0, 0.0, 0.0, 1.0]",1.0,7,12,467,11
"[0.3435105085372925, -0.10027183592319489, 0.0, 0.0, 0.0, 0.0, 0.0, 0.0]","[-0.005301177501678467, -0.09293868392705917, 0.0, 0.0, 0.0, 0.0, 1.0]",1.100000023841858,3,0,276,2
"[0.4856863021850586, 0.2249450832605362, 0.0, 0.0, 0.0, 0.0, 0.0, 0.0]","[0.007466435432434082, 0.00792558491230011, 0.0, 0.0, 0.0, 0.0, 1.0]",1.0,21,14,15,25
"[0.32585427165031433, 0.19189520180225372, 0.0, 0.0, 0.0, 0.0, 0.0, 0.0]","[-0.018392294645309448, -0.03247208520770073, 0.0, 0.0, 0.0, 0.0, 1.0]",0.10000000149011612,13,14,280,27
"[0.42148295044898987, -0.15888775885105133, 0.0, 0.0, 0.0, 0.0, 0.0, 0.0]","[3.7550926208496094e-06, -0.014540344476699829, 0.0, 0.0, 0.0, 0.0, 1.0]",0.20000000298023224,10,14,295,16
"[0.43815892934799194, 0.04434492066502571, 0.0, 0.0, 0.0, 0.0, 0.0, 0.0]","[0.00013870000839233398, 0.008492555469274521, 0.0, 0.0, 0.0, 0.0, 1.0]",0.4000000059604645,5,8,373,12
"[0.407743901014328, 0.16389954090118408, 0.0, 0.0, 0.0, 0.0, 0.0, 0.0]","[0.06307914853096008, 0.03602546453475952, 0.0, 0.0, 0.0, 0.0, 1.0]",0.30000001192092896,8,19,298,21
"[0.4191368818283081, -0.13270168006420135, 0.0, 0.0, 0.0, 0.0, 0.0, 0.0]","[0.01994502544403076, 0.0737026259303093, 0.0, 0.0, 0.0, 0.0, 1.0]",0.10000000149011612,7,9,159,3
"[0.4119364321231842, 0.0397673062980175, 0.0, 0.0, 0.0, 0.0, 0.0, 0.0]","[-0.025108039379119873, 0.0016860365867614746, 0.0, 0.0, 0.0, 0.0, 1.0]",2.299999952316284,23,8,241,7
"[0.3834419250488281, 0.11452074348926544, 0.0, 0.0, 0.0, 0.0, 0.0, 0.0]","[0.015345513820648193, -0.11789623647928238, 0.0, 0.0, 0.0, 0.0, 1.0]",0.0,27,5,268,16
"[0.4593132734298706, 0.02997743710875511, 0.0, 0.0, 0.0, 0.0, 0.0, 0.0]","[0.06332409381866455, 0.038228362798690796, 0.0, 0.0, 0.0, 0.0, 1.0]",1.5,3,27,258,0
"[0.4865168333053589, 0.09262819588184357, 0.0, 0.0, 0.0, 0.0, 0.0, 0.0]","[-0.055050402879714966, 0.06321054697036743, 0.0, 0.0, 0.0, 0.0, 1.0]",0.10000000149011612,14,14,54,10
"[0.5327664613723755, 0.12120244652032852, 0.0, 0.0, 0.0, 0.0, 0.0, 0.0]","[0.02789047360420227, 0.055822551250457764, 0.0, 0.0, 0.0, 0.0, 1.0]",0.5,4,0,253,9
"[0.19973903894424438, -0.17171286046504974, 0.0, 0.0, 0.0, 0.0, 0.0, 0.0]","[0.013807237148284912, 0.0052620768547058105, 0.0, 0.0, 0.0, 0.0, 1.0]",0.6000000238418579,11,18,0,1
"[0.5088807344436646, -0.1374734491109848, 0.0, 0.0, 0.0, 0.0, 0.0, 0.0]","[-0.03049492835998535, 0.02614118903875351, 0.0, 0.0, 0.0, 0.0, 1.0]",0.699999988079071,0,2,164,16
"[0.26172786951065063, -0.17332814633846283, 0.0, 0.0, 0.0, 0.0, 0.0, 0.0]","[-0.0575089156627655, 0.0006474554538726807, 0.0, 0.0, 0.0, 0.0, 1.0]",1.100000023841858,6,22,420,19
"[0.2462005466222763, -0.08228732645511627, 0.0, 0.0, 0.0, 0.0, 0.0, 0.0]","[0.019151777029037476, -0.02024870365858078, 0.0, 0.0, 0.0, 0.0, 1.0]",0.30000001192092896,6,24,478,20
"[0.30851274728775024, 0.0962986871600151, 0.0, 0.0, 0.0, 0.0, 0.0, 0.0]","[0.013231724500656128, 0.0074388980865478516, 0.0, 0.0, 0.0, 0.0, 1.0]",1.7999999523162842,0,5,173,27
"[0.2920839786529541, -0.14419163763523102, 0.0, 0.0, 0.0, 0.0, 0.0, 0.0]","[0.04334527254104614, -0.03636647015810013, 0.0, 0.0, 0.0, 0.0, 1.0]",0.20000000298023224,10,21,485,11
"[0.2985440194606781, -0.09000861644744873, 0.0, 0.0, 0.0, 0.0, 0.0, 0.0]","[-0.020701050758361816, -0.005769158713519573, 0.0, 0.0, 0.0, 0.0, 1.0]",1.100000023841858,1,10,47,18
"[0.2778370976448059, 0.2733003795146942, 0.0, 0.0, 0.0, 0.0, 0.0, 0.0]","[-0.032705873250961304, -0.035218745470047, 0.0, 0.0, 0.0, 0.0, 1.0]",0.6000000238418579,2,28,414,15
"[0.38592687249183655, 0.10644024610519409, 0.0, 0.0, 0.0, 0.0, 0.0, 0.0]","[0.015355408191680908, -0.1402187943458557, 0.0, 0.0, 0.0, 0.0, 1.0]",1.399999976158142,3,5,306,16
"[0.4466724097728729, -0.2252456396818161, 0.0, 0.0, 0.0, 0.0, 0.0, 0.0]","[-0.014697730541229248, -0.05371026694774628, 0.0, 0.0, 0.0, 0.0, 1.0]",0.800000011920929,9,21,428,7
"[0.618217408657074, 0.029797667637467384, 0.0, 0.0, 0.0, 0.0, 0.0, 0.0]","[-0.03228732943534851, -0.04017616808414459, 0.0, 0.0, 0.0, 0.0, 1.0]",1.899999976158142,4,14,157,4
"[0.30438029766082764, 0.08869419991970062, 0.0, 0.0, 0.0, 0.0, 0.0, 0.0]","[0.03750130534172058, -0.005256541073322296, 0.0, 0.0, 0.0, 0.0, 1.0]",0.20000000298023224,0,14,366,18
"[0.3859773874282837, -0.2300000637769699, 0.0, 0.0, 0.0, 0.0, 0.0, 0.0]","[-0.017649710178375244, -0.05603620409965515, 0.0, 0.0, 0.0, 0.0, 1.0]",1.0,0,25,4,1
"[0.4737085700035095, -0.11157160252332687, 0.0, 0.0, 0.0, 0.0, 0.0, 0.0]","[0.008110851049423218, 0.05549731105566025, 0.0, 0.0, 0.0, 0.0, 1.0]",1.100000023841858,5,15,183,6
"[0.386603981256485, 0.08904673904180527, 0.0, 0.0, 0.0, 0.0, 0.0, 0.0]","[2.980232238769531e-07, -0.00576462596654892, 0.0, 0.0, 0.0, 0.0, 1.0]",0.30000001192092896,1,27,479,15
"[0.5102555155754089, -0.05359707400202751, 0.0, 0.0, 0.0, 0.0, 0.0, 0.0]","[-0.011196166276931763, 0.06354892253875732, 0.0, 0.0, 0.0, 0.0, 1.0]",0.800000011920929,3,28,202,0
"[0.4414215683937073, -0.06543723493814468, 0.0, 0.0, 0.0, 0.0, 0.0, 0.0]","[-0.004533857107162476, 0.04150497913360596, 0.0, 0.0, 0.0, 0.0, 1.0]",0.8999999761581421,2,3,75,14
"[0.3301094174385071, 0.0876600593328476, 0.0, 0.0, 0.0, 0.0, 0.0, 0.0]","[-4.32133674621582e-06, 0.0113048255443573, 0.0, 0.0, 0.0, 0.0, 1.0]",2.4000000953674316,13,18,113,13
"[0.39958465099334717, 0.03504461050033569, 0.0, 0.0, 0.0, 0.0, 0.0, 0.0]","[0.08086052536964417, -3.65525484085083e-05, 0.0, 0.0, 0.0, 0.0, 1.0]",1.399999976158142,20,19,131,5
"[0.191965252161026, -0.07445606589317322, 0.0, 0.0, 0.0, 0.0, 0.0, 0.0]","[-0.03602743148803711, 0.1184147447347641, 0.0, 0.0, 0.0, 0.0, 1.0]",0.0,8,20,447,20
"[0.48376020789146423, -0.06855243444442749, 0.0, 0.0, 0.0, 0.0, 0.0, 0.0]","[-1.2993812561035156e-05, -0.05559374392032623, 0.0, 0.0, 0.0, 0.0, 1.0]",0.5,14,1,333,26
"[0.4528305232524872, -0.09809854626655579, 0.0, 0.0, 0.0, 0.0, 0.0, 0.0]","[0.018721163272857666, 0.04386244714260101, 0.0, 0.0, 0.0, 0.0, 1.0]",0.30000001192092896,24,6,475,20
"[0.2561367452144623, -0.14454443752765656, 0.0, 0.0, 0.0, 0.0, 0.0, 0.0]","[-0.004362970590591431, -0.09754366427659988, 0.0, 0.0, 0.0, 0.0, 1.0]",1.600000023841858,14,0,446,0
"[0.4065204858779907, 0.14312312006950378, 0.0, 0.0, 0.0, 0.0, 0.0, 0.0]","[0.009260743856430054, -0.007829084992408752, 0.0, 0.0, 0.0, 0.0, 1.0]",0.20000000298023224,30,16,152,25
"[0.49151891469955444, 0.21643222868442535, 0.0, 0.0, 0.0, 0.0, 0.0, 0.0]","[0.019605964422225952, 0.0007433062419295311, 0.0, 0.0, 0.0, 0.0, 1.0]",0.0,4,5,248,14
"[0.26661914587020874, -0.1891837865114212, 0.0, 0.0, 0.0, 0.0, 0.0, 0.0]","[-0.027132153511047363, -0.015418626368045807, 0.0, 0.0, 0.0, 0.0, 1.0]",0.20000000298023224,3,12,206,10
"[0.4281754493713379, 0.009863457642495632, 0.0, 0.0, 0.0, 0.0, 0.0, 0.0]","[-0.004921138286590576, -0.029109224677085876, 0.0, 0.0, 0.0, 0.0, 1.0]",1.600000023841858,11,0,43,24
"[0.29439204931259155, 0.0570487380027771, 0.0, 0.0, 0.0, 0.0, 0.0, 0.0]","[0.03374195098876953, 0.003730282187461853, 0.0, 0.0, 0.0, 0.0, 1.0]",1.100000023841858,19,26,217,23
"[0.6046243906021118, -0.046246517449617386, 0.0, 0.0, 0.0, 0.0, 0.0, 0.0]","[-0.02314901351928711, -0.037233807146549225, 0.0, 0.0, 0.0, 0.0, 1.0]",0.699999988079071,5,8,349,14
"[0.2892057001590729, -0.13447196781635284, 0.0, 0.0, 0.0, 0.0, 0.0, 0.0]","[0.005413144826889038, -0.014811143279075623, 0.0, 0.0, 0.0, 0.0, 1.0]",2.700000047683716,6,25,340,28
"[0.44131797552108765, 0.010606542229652405, 0.0, 0.0, 0.0, 0.0, 0.0, 0.0]","[-0.05663418769836426, -0.0038758665323257446, 0.0, 0.0, 0.0, 0.0, 1.0]",0.4000000059604645,10,12,363,21
"[0.3950963020324707, 0.05613904073834419, 0.0, 0.0, 0.0, 0.0, 0.0, 0.0]","[0.08732324838638306, -0.04978780448436737, 0.0, 0.0, 0.0, 0.0, 1.0]",0.0,0,23,473,18
"[0.3577292561531067, 0.10023795068264008, 0.0, 0.0, 0.0, 0.0, 0.0, 0.0]","[-0.008559942245483398, 0.11827091872692108, 0.0, 0.0, 0.0, 0.0, 1.0]",0.699999988079071,7,2,356,16
"[0.2933354675769806, 0.12734180688858032, 0.0, 0.0, 0.0, 0.0, 0.0, 0.0]","[0.006390750408172607, -0.11748936027288437, 0.0, 0.0, 0.0, 0.0, 1.0]",0.8999999761581421,10,22,336,25
"[0.3056963086128235, 0.15117469429969788, 0.0, 0.0, 0.0, 0.0, 0.0, 0.0]","[-0.0003892183303833008, -0.02058444172143936, 0.0, 0.0, 0.0, 0.0, 1.0]",0.4000000059604645,7,14,59,28
"[0.4319773018360138, -0.16190598905086517, 0.0, 0.0, 0.0, 0.0, 0.0, 0.0]","[8.079409599304199e-05, -0.13629385828971863, 0.0, 0.0, 0.0, 0.0, 1.0]",1.600000023841858,3,2,149,5
"[0.5574596524238586, 0.19860605895519257, 0.0, 0.0, 0.0, 0.0, 0.0, 0.0]","[0.08749255537986755, -0.023928984999656677, 0.0, 0.0, 0.0, 0.0, 1.0]",0.30000001192092896,15,23,423,20
"[0.44924333691596985, -0.23957310616970062, 0.0, 0.0, 0.0, 0.0, 0.0, 0.0]","[-0.038574039936065674, -0.08034132421016693, 0.0, 0.0, 0.0, 0.0, 1.0]",0.20000000298023224,4,11,445,14
"[0.33656057715415955, 0.10539142787456512, 0.0, 0.0, 0.0, 0.0, 0.0, 0.0]","[0.012065082788467407, 0.005698251537978649, 0.0, 0.0, 0.0, 0.0, 1.0]",0.699999988079071,7,5,316,19
"[0.32118675112724304, 0.21318934857845306, 0.0, 0.0, 0.0, 0.0, 0.0, 0.0]","[-0.03821432590484619, -0.12955379486083984, 0.0, 0.0, 0.0, 0.0, 1.0]",2.5,24,14,399,6
"[0.4349418878555298, 0.1719621866941452, 0.0, 0.0, 0.0, 0.0, 0.0, 0.0]","[0.0, 0.0, 0.0, 0.0, 0.0, 0.0, 1.0]",0.4000000059604645,2,16,78,20
"[0.29438236355781555, 0.025158362463116646, 0.0, 0.0, 0.0, 0.0, 0.0, 0.0]","[-0.05780878663063049, -0.014433719217777252, 0.0, 0.0, 0.0, 0.0, 1.0]",0.8999999761581421,12,25,391,16
"[0.4908747375011444, 0.18712623417377472, 0.0, 0.0, 0.0, 0.0, 0.0, 0.0]","[0.005212306976318359, 0.0071580857038497925, 0.0, 0.0, 0.0, 0.0, 1.0]",1.7000000476837158,5,5,395,5
"[0.4954155385494232, 0.1851474940776825, 0.0, 0.0, 0.0, 0.0, 0.0, 0.0]","[-2.714991569519043e-05, 0.059386417269706726, 0.0, 0.0, 0.0, 0.0, 1.0]",1.5,2,1,458,14
"[0.4612233340740204, 0.007560706697404385, 0.0, 0.0, 0.0, 0.0, 0.0, 0.0]","[0.0042411088943481445, -0.02263147383928299, 0.0, 0.0, 0.0, 0.0, 1.0]",2.799999952316284,1,12,474,17
"[0.5728829503059387, 0.14280669391155243, 0.0, 0.0, 0.0, 0.0, 0.0, 0.0]","[0.01868698000907898, 0.045155927538871765, 0.0, 0.0, 0.0, 0.0, 1.0]",0.20000000298023224,11,7,67,24
"[0.41905784606933594, -0.12199465930461884, 0.0, 0.0, 0.0, 0.0, 0.0, 0.0]","[-0.02697545289993286, 0.049997031688690186, 0.0, 0.0, 0.0, 0.0, 1.0]",1.0,5,9,283,21
"[0.4279831051826477, -0.16190503537654877, 0.0, 0.0, 0.0, 0.0, 0.0, 0.0]","[-0.029870599508285522, -0.1167551726102829, 0.0, 0.0, 0.0, 0.0, 1.0]",2.299999952316284,3,18,218,29
"[0.47380390763282776, -0.04302765801548958, 0.0, 0.0, 0.0, 0.0, 0.0, 0.0]","[0.0, 0.0, 0.0, 0.0, 0.0, 0.0, 1.0]",1.100000023841858,6,26,282,14
"[0.460806280374527, 0.10205770283937454, 0.0, 0.0, 0.0, 0.0, 0.0, 0.0]","[0.0, 0.0, 0.0, 0.0, 0.0, 0.0, 1.0]",0.10000000149011612,32,0,68,14
"[0.29170799255371094, -0.1857401728630066, 0.0, 0.0, 0.0, 0.0, 0.0, 0.0]","[-0.0008737146854400635, 0.03988698124885559, 0.0, 0.0, 0.0, 0.0, 1.0]",0.5,7,12,421,5
"[0.3275921940803528, -0.0018615066073834896, 0.0, 0.0, 0.0, 0.0, 0.0, 0.0]","[-0.024713516235351562, 0.013639844954013824, 0.0, 0.0, 0.0, 0.0, 1.0]",1.600000023841858,25,28,317,8
"[0.3905431926250458, 0.041989341378211975, 0.0, 0.0, 0.0, 0.0, 0.0, 0.0]","[-0.010444164276123047, 0.09413397312164307, 0.0, 0.0, 0.0, 0.0, 1.0]",0.30000001192092896,5,2,384,21
"[0.3893432021141052, 0.04653426259756088, 0.0, 0.0, 0.0, 0.0, 0.0, 0.0]","[2.8014183044433594e-06, -0.016933277249336243, 0.0, 0.0, 0.0, 0.0, 1.0]",0.699999988079071,6,27,51,6
"[0.5395883321762085, -0.1565636694431305, 0.0, 0.0, 0.0, 0.0, 0.0, 0.0]","[-0.0009837448596954346, 0.00603659451007843, 0.0, 0.0, 0.0, 0.0, 1.0]",0.4000000059604645,2,5,122,14
"[0.4857388138771057, -0.06855449825525284, 0.0, 0.0, 0.0, 0.0, 0.0, 0.0]","[0.009831905364990234, -0.008106842637062073, 0.0, 0.0, 0.0, 0.0, 1.0]",0.699999988079071,6,15,130,2
"[0.2669963240623474, -0.07627005130052567, 0.0, 0.0, 0.0, 0.0, 0.0, 0.0]","[-0.01895284652709961, 0.004997614771127701, 0.0, 0.0, 0.0, 0.0, 1.0]",0.20000000298023224,11,20,177,0
"[0.5302014946937561, 0.191737100481987, 0.0, 0.0, 0.0, 0.0, 0.0, 0.0]","[-0.035405904054641724, -0.02547953650355339, 0.0, 0.0, 0.0, 0.0, 1.0]",0.6000000238418579,7,16,221,27
"[0.3903920352458954, -0.20747637748718262, 0.0, 0.0, 0.0, 0.0, 0.0, 0.0]","[0.04597023129463196, -0.026122085750102997, 0.0, 0.0, 0.0, 0.0, 1.0]",1.0,13,12,460,19
"[0.2772488594055176, 0.08007493615150452, 0.0, 0.0, 0.0, 0.0, 0.0, 0.0]","[0.013122081756591797, -0.015136569738388062, 0.0, 0.0, 0.0, 0.0, 1.0]",1.5,9,18,224,7
"[0.47371041774749756, -0.11928406357765198, 0.0, 0.0, 0.0, 0.0, 0.0, 0.0]","[-0.0002640187740325928, 0.00023971498012542725, 0.0, 0.0, 0.0, 0.0, 1.0]",2.299999952316284,11,7,429,0
"[0.4570939540863037, 0.17975054681301117, 0.0, 0.0, 0.0, 0.0, 0.0, 0.0]","[0.053288012742996216, -0.023993447422981262, 0.0, 0.0, 0.0, 0.0, 1.0]",0.699999988079071,4,19,180,25
"[0.5341910719871521, -0.15089140832424164, 0.0, 0.0, 0.0, 0.0, 0.0, 0.0]","[0.00722271203994751, 0.036868274211883545, 0.0, 0.0, 0.0, 0.0, 1.0]",1.2000000476837158,2,14,22,20
"[0.4148752689361572, -0.17960406839847565, 0.0, 0.0, 0.0, 0.0, 0.0, 0.0]","[-0.0014008879661560059, -0.05353927984833717, 0.0, 0.0, 0.0, 0.0, 1.0]",0.10000000149011612,2,13,292,18
"[0.526462733745575, -0.21196642518043518, 0.0, 0.0, 0.0, 0.0, 0.0, 0.0]","[-0.045451611280441284, -0.013679713010787964, 0.0, 0.0, 0.0, 0.0, 1.0]",1.0,6,21,174,12
"[0.523160457611084, 0.18103960156440735, 0.0, 0.0, 0.0, 0.0, 0.0, 0.0]","[-0.0013728737831115723, 0.032548293471336365, 0.0, 0.0, 0.0, 0.0, 1.0]",1.899999976158142,2,18,34,23
"[0.2931237816810608, -0.030496763065457344, 0.0, 0.0, 0.0, 0.0, 0.0, 0.0]","[-0.016655683517456055, -0.019344165921211243, 0.0, 0.0, 0.0, 0.0, 1.0]",0.8999999761581421,24,0,103,28
"[0.4842813014984131, 0.051154669374227524, 0.0, 0.0, 0.0, 0.0, 0.0, 0.0]","[-0.02603614330291748, 0.01220826804637909, 0.0, 0.0, 0.0, 0.0, 1.0]",1.7000000476837158,1,0,240,2
"[0.297492653131485, 0.024055611342191696, 0.0, 0.0, 0.0, 0.0, 0.0, 0.0]","[-0.030019044876098633, -0.016629338264465332, 0.0, 0.0, 0.0, 0.0, 1.0]",0.8999999761581421,8,0,87,18
"[0.4890553653240204, -0.13189375400543213, 0.0, 0.0, 0.0, 0.0, 0.0, 0.0]","[0.07770609855651855, 0.010502561926841736, 0.0, 0.0, 0.0, 0.0, 1.0]",0.8999999761581421,28,11,189,25
"[0.30000144243240356, -0.16364774107933044, 0.0, 0.0, 0.0, 0.0, 0.0, 0.0]","[0.006285160779953003, -0.052917368710041046, 0.0, 0.0, 0.0, 0.0, 1.0]",2.0,15,14,231,2
"[0.445192813873291, -0.1882455199956894, 0.0, 0.0, 0.0, 0.0, 0.0, 0.0]","[-0.00667765736579895, 0.0687941312789917, 0.0, 0.0, 0.0, 0.0, 1.0]",0.699999988079071,15,1,430,22
"[0.3871419429779053, -0.028351470828056335, 0.0, 0.0, 0.0, 0.0, 0.0, 0.0]","[0.038963764905929565, -0.000980868935585022, 0.0, 0.0, 0.0, 0.0, 1.0]",0.20000000298023224,11,13,312,5
"[0.3905004858970642, -0.11304077506065369, 0.0, 0.0, 0.0, 0.0, 0.0, 0.0]","[-0.03891491889953613, 0.06661918014287949, 0.0, 0.0, 0.0, 0.0, 1.0]",1.100000023841858,8,17,293,14
"[0.39345070719718933, 0.14545167982578278, 0.0, 0.0, 0.0, 0.0, 0.0, 0.0]","[-0.020753860473632812, -0.042364880442619324, 0.0, 0.0, 0.0, 0.0, 1.0]",0.20000000298023224,15,5,237,12
"[0.4865017831325531, 0.17649519443511963, 0.0, 0.0, 0.0, 0.0, 0.0, 0.0]","[0.0, 0.0, 0.0, 0.0, 0.0, 0.0, 1.0]",0.20000000298023224,19,20,187,5
"[0.4627010226249695, -0.11353033035993576, 0.0, 0.0, 0.0, 0.0, 0.0, 0.0]","[0.002902477979660034, 0.03484545648097992, 0.0, 0.0, 0.0, 0.0, 1.0]",2.0999999046325684,9,25,153,4
"[0.4552219808101654, -0.1005474179983139, 0.0, 0.0, 0.0, 0.0, 0.0, 0.0]","[0.006340742111206055, 0.0036624420899897814, 0.0, 0.0, 0.0, 0.0, 1.0]",0.8999999761581421,0,5,320,11
"[0.42098018527030945, -0.1339249461889267, 0.0, 0.0, 0.0, 0.0, 0.0, 0.0]","[0.02107769250869751, 0.0025785863399505615, 0.0, 0.0, 0.0, 0.0, 1.0]",2.9000000953674316,20,18,235,25
"[0.3412182927131653, 0.2041773945093155, 0.0, 0.0, 0.0, 0.0, 0.0, 0.0]","[0.015743881464004517, 0.020658917725086212, 0.0, 0.0, 0.0, 0.0, 1.0]",2.0999999046325684,3,20,21,17
"[0.432311087846756, -0.1602766066789627, 0.0, 0.0, 0.0, 0.0, 0.0, 0.0]","[-0.012829184532165527, -0.0536910742521286, 0.0, 0.0, 0.0, 0.0, 1.0]",1.2999999523162842,8,0,3,14
"[0.44530999660491943, -0.06737075001001358, 0.0, 0.0, 0.0, 0.0, 0.0, 0.0]","[0.0033539533615112305, 0.009554922580718994, 0.0, 0.0, 0.0, 0.0, 1.0]",1.7999999523162842,11,10,194,10
"[0.29252755641937256, -0.20159266889095306, 0.0, 0.0, 0.0, 0.0, 0.0, 0.0]","[0.027992308139801025, -0.1503325253725052, 0.0, 0.0, 0.0, 0.0, 1.0]",1.7000000476837158,25,5,459,8
"[0.33082911372184753, -0.3048534393310547, 0.0, 0.0, 0.0, 0.0, 0.0, 0.0]","[-0.06708621978759766, -0.03717990964651108, 0.0, 0.0, 0.0, 0.0, 1.0]",1.399999976158142,29,28,242,16
"[0.5278944373130798, 0.11627084761857986, 0.0, 0.0, 0.0, 0.0, 0.0, 0.0]","[0.009499847888946533, -0.0187522042542696, 0.0, 0.0, 0.0, 0.0, 1.0]",3.0,16,0,468,12
"[0.47049209475517273, -0.06759844720363617, 0.0, 0.0, 0.0, 0.0, 0.0, 0.0]","[-0.0027817487716674805, -0.013483945280313492, 0.0, 0.0, 0.0, 0.0, 1.0]",0.4000000059604645,15,27,337,29
"[0.28223252296447754, -0.10588302463293076, 0.0, 0.0, 0.0, 0.0, 0.0, 0.0]","[0.07627853751182556, -0.03058338165283203, 0.0, 0.0, 0.0, 0.0, 1.0]",3.200000047683716,6,29,286,5
"[0.5179556012153625, -0.202623650431633, 0.0, 0.0, 0.0, 0.0, 0.0, 0.0]","[0.04191353917121887, 0.02732338011264801, 0.0, 0.0, 0.0, 0.0, 1.0]",0.20000000298023224,4,21,86,0
"[0.4947054386138916, 0.01998314820230007, 0.0, 0.0, 0.0, 0.0, 0.0, 0.0]","[0.009197652339935303, -0.05549803376197815, 0.0, 0.0, 0.0, 0.0, 1.0]",0.800000011920929,7,19,5,10
"[0.407757967710495, -0.28373008966445923, 0.0, 0.0, 0.0, 0.0, 0.0, 0.0]","[-0.03455951809883118, 0.05271371454000473, 0.0, 0.0, 0.0, 0.0, 1.0]",1.0,4,18,383,14
"[0.4479776620864868, 0.034752264618873596, 0.0, 0.0, 0.0, 0.0, 0.0, 0.0]","[0.012687832117080688, -0.043750785291194916, 0.0, 0.0, 0.0, 0.0, 1.0]",2.799999952316284,13,12,40,28
"[0.3461797535419464, 0.1829790621995926, 0.0, 0.0, 0.0, 0.0, 0.0, 0.0]","[-0.0008170008659362793, -0.08956535160541534, 0.0, 0.0, 0.0, 0.0, 1.0]",0.10000000149011612,3,9,73,3
"[0.5866707563400269, 0.18825674057006836, 0.0, 0.0, 0.0, 0.0, 0.0, 0.0]","[0.0, 0.0, 0.0, 0.0, 0.0, 0.0, 1.0]",0.10000000149011612,30,17,108,20
"[0.3239734470844269, 0.11835482716560364, 0.0, 0.0, 0.0, 0.0, 0.0, 0.0]","[-0.011393368244171143, 0.047121889889240265, 0.0, 0.0, 0.0, 0.0, 1.0]",1.7999999523162842,6,29,1,12
"[0.294380247592926, -0.0035679249558597803, 0.0, 0.0, 0.0, 0.0, 0.0, 0.0]","[0.0381622314453125, -0.03725986182689667, 0.0, 0.0, 0.0, 0.0, 1.0]",1.0,1,20,147,7
"[0.4026397168636322, -0.09851983934640884, 0.0, 0.0, 0.0, 0.0, 0.0, 0.0]","[-0.0051126182079315186, -0.09313583374023438, 0.0, 0.0, 0.0, 0.0, 1.0]",1.7999999523162842,12,25,246,5
"[0.3521028459072113, 0.023502187803387642, 0.0, 0.0, 0.0, 0.0, 0.0, 0.0]","[0.06524455547332764, 0.0156058669090271, 0.0, 0.0, 0.0, 0.0, 1.0]",2.200000047683716,8,1,466,5
